prfInformationCarrier,prfYear,prfInvestmentsMillNOK,prfNpdidInformationCarrier,dateSyncNPD
ALBUSKJELL,1974,116,43437,29.01.2020
ALBUSKJELL,1975,319,43437,29.01.2020
ALBUSKJELL,1976,879,43437,29.01.2020
ALBUSKJELL,1977,398,43437,29.01.2020
ALBUSKJELL,1978,235,43437,29.01.2020
ALBUSKJELL,1979,96,43437,29.01.2020
ALBUSKJELL,1980,64,43437,29.01.2020
ALBUSKJELL,1981,40,43437,29.01.2020
ALBUSKJELL,1982,232,43437,29.01.2020
ALBUSKJELL,1983,263,43437,29.01.2020
ALBUSKJELL,1984,0,43437,29.01.2020
ALBUSKJELL,1985,0,43437,29.01.2020
ALBUSKJELL,1986,58,43437,29.01.2020
ALBUSKJELL,1987,5,43437,29.01.2020
ALBUSKJELL,1988,5,43437,29.01.2020
ALBUSKJELL,1989,14,43437,29.01.2020
ALBUSKJELL,1990,8,43437,29.01.2020
ALBUSKJELL,1991,4,43437,29.01.2020
ALBUSKJELL,1992,10,43437,29.01.2020
ALBUSKJELL,1993,0,43437,29.01.2020
ALBUSKJELL,1994,3,43437,29.01.2020
ALBUSKJELL,1995,3,43437,29.01.2020
ALBUSKJELL,1996,0,43437,29.01.2020
ALBUSKJELL,1997,0,43437,29.01.2020
ALBUSKJELL,1998,0,43437,29.01.2020
ALBUSKJELL,1999,0,43437,29.01.2020
ALBUSKJELL,2000,0,43437,29.01.2020
ALBUSKJELL,2001,0,43437,29.01.2020
ALBUSKJELL,2002,0,43437,29.01.2020
ALBUSKJELL,2003,0,43437,29.01.2020
ALBUSKJELL,2004,0,43437,29.01.2020
ALBUSKJELL,2005,0,43437,29.01.2020
ALBUSKJELL,2006,0,43437,29.01.2020
ALBUSKJELL,2007,0,43437,29.01.2020
ALBUSKJELL,2008,0,43437,29.01.2020
ALBUSKJELL,2009,0,43437,29.01.2020
ALBUSKJELL,2010,0,43437,29.01.2020
ALBUSKJELL,2011,0,43437,29.01.2020
ALBUSKJELL,2012,0,43437,29.01.2020
ALBUSKJELL,2013,0,43437,29.01.2020
ALBUSKJELL,2014,0,43437,29.01.2020
ALBUSKJELL,2015,0,43437,29.01.2020
ALBUSKJELL,2016,0,43437,29.01.2020
ALBUSKJELL,2017,0,43437,29.01.2020
ALBUSKJELL,2018,0,43437,29.01.2020
ALVE,2006,46,4444332,29.01.2020
ALVE,2007,712,4444332,29.01.2020
ALVE,2008,1636,4444332,29.01.2020
ALVE,2009,674,4444332,29.01.2020
ALVE,2010,427,4444332,29.01.2020
ALVE,2011,369,4444332,29.01.2020
ALVE,2012,32,4444332,29.01.2020
ALVE,2013,6,4444332,29.01.2020
ALVE,2014,4,4444332,29.01.2020
ALVE,2015,2,4444332,29.01.2020
ALVE,2016,328,4444332,29.01.2020
ALVE,2017,2,4444332,29.01.2020
ALVE,2018,6,4444332,29.01.2020
ALVE,2019,0,4444332,29.01.2020
ALVE,2020,0,4444332,29.01.2020
ALVHEIM,2004,485,2845712,29.01.2020
ALVHEIM,2005,3253,2845712,29.01.2020
ALVHEIM,2006,3840,2845712,29.01.2020
ALVHEIM,2007,4339,2845712,29.01.2020
ALVHEIM,2008,2684,2845712,29.01.2020
ALVHEIM,2009,433,2845712,29.01.2020
ALVHEIM,2010,1320,2845712,29.01.2020
ALVHEIM,2011,1354,2845712,29.01.2020
ALVHEIM,2012,1170,2845712,29.01.2020
ALVHEIM,2013,237,2845712,29.01.2020
ALVHEIM,2014,220,2845712,29.01.2020
ALVHEIM,2015,2482,2845712,29.01.2020
ALVHEIM,2016,1990,2845712,29.01.2020
ALVHEIM,2017,1079,2845712,29.01.2020
ALVHEIM,2018,1103,2845712,29.01.2020
ALVHEIM,2019,0,2845712,29.01.2020
ALVHEIM,2020,0,2845712,29.01.2020
ATLA,2011,324,21106284,29.01.2020
ATLA,2012,1079,21106284,29.01.2020
ATLA,2013,0,21106284,29.01.2020
ATLA,2014,0,21106284,29.01.2020
ATLA,2015,0,21106284,29.01.2020
ATLA,2016,16,21106284,29.01.2020
ATLA,2017,-12,21106284,29.01.2020
ATLA,2018,1,21106284,29.01.2020
ATLA,2019,0,21106284,29.01.2020
ATLA,2020,0,21106284,29.01.2020
ATLA,2021,0,21106284,29.01.2020
BALDER,1990,0,43562,29.01.2020
BALDER,1991,0,43562,29.01.2020
BALDER,1992,0,43562,29.01.2020
BALDER,1993,0,43562,29.01.2020
BALDER,1994,0,43562,29.01.2020
BALDER,1995,1452,43562,29.01.2020
BALDER,1996,1731,43562,29.01.2020
BALDER,1997,1601,43562,29.01.2020
BALDER,1998,2705,43562,29.01.2020
BALDER,1999,1548,43562,29.01.2020
BALDER,2000,1426,43562,29.01.2020
BALDER,2001,3611,43562,29.01.2020
BALDER,2002,1888,43562,29.01.2020
BALDER,2003,2149,43562,29.01.2020
BALDER,2004,1087,43562,29.01.2020
BALDER,2005,725,43562,29.01.2020
BALDER,2006,168,43562,29.01.2020
BALDER,2007,786,43562,29.01.2020
BALDER,2008,35,43562,29.01.2020
BALDER,2009,384,43562,29.01.2020
BALDER,2010,376,43562,29.01.2020
BALDER,2011,1526,43562,29.01.2020
BALDER,2012,1438,43562,29.01.2020
BALDER,2013,2880,43562,29.01.2020
BALDER,2014,1113,43562,29.01.2020
BALDER,2015,2566,43562,29.01.2020
BALDER,2016,1620,43562,29.01.2020
BALDER,2017,389,43562,29.01.2020
BALDER,2018,1296,43562,29.01.2020
BALDER,2019,0,43562,29.01.2020
BALDER,2020,0,43562,29.01.2020
BAUGE,2017,202,29446221,29.01.2020
BAUGE,2018,776,29446221,29.01.2020
BAUGE,2019,0,29446221,29.01.2020
BAUGE,2020,0,29446221,29.01.2020
BAUGE,2021,0,29446221,29.01.2020
BLANE,2005,51,3437650,29.01.2020
BLANE,2006,300,3437650,29.01.2020
BLANE,2007,129,3437650,29.01.2020
BLANE,2008,61,3437650,29.01.2020
BLANE,2009,3,3437650,29.01.2020
BLANE,2010,-3,3437650,29.01.2020
BLANE,2011,-2,3437650,29.01.2020
BLANE,2012,0,3437650,29.01.2020
BLANE,2013,0,3437650,29.01.2020
BLANE,2014,18,3437650,29.01.2020
BLANE,2015,-9,3437650,29.01.2020
BLANE,2016,0,3437650,29.01.2020
BLANE,2017,0,3437650,29.01.2020
BLANE,2018,0,3437650,29.01.2020
BLANE,2019,0,3437650,29.01.2020
BLANE,2020,0,3437650,29.01.2020
BLANE,2021,0,3437650,29.01.2020
BRAGE,1989,0,43651,29.01.2020
BRAGE,1990,370,43651,29.01.2020
BRAGE,1991,2230,43651,29.01.2020
BRAGE,1992,3397,43651,29.01.2020
BRAGE,1993,2439,43651,29.01.2020
BRAGE,1994,335,43651,29.01.2020
BRAGE,1995,419,43651,29.01.2020
BRAGE,1996,525,43651,29.01.2020
BRAGE,1997,526,43651,29.01.2020
BRAGE,1998,496,43651,29.01.2020
BRAGE,1999,163,43651,29.01.2020
BRAGE,2000,252,43651,29.01.2020
BRAGE,2001,483,43651,29.01.2020
BRAGE,2002,217,43651,29.01.2020
BRAGE,2003,212,43651,29.01.2020
BRAGE,2004,461,43651,29.01.2020
BRAGE,2005,182,43651,29.01.2020
BRAGE,2006,323,43651,29.01.2020
BRAGE,2007,894,43651,29.01.2020
BRAGE,2008,547,43651,29.01.2020
BRAGE,2009,872,43651,29.01.2020
BRAGE,2010,1036,43651,29.01.2020
BRAGE,2011,683,43651,29.01.2020
BRAGE,2012,696,43651,29.01.2020
BRAGE,2013,749,43651,29.01.2020
BRAGE,2014,1112,43651,29.01.2020
BRAGE,2015,983,43651,29.01.2020
BRAGE,2016,59,43651,29.01.2020
BRAGE,2017,793,43651,29.01.2020
BRAGE,2018,502,43651,29.01.2020
BRAGE,2019,0,43651,29.01.2020
BRAGE,2020,0,43651,29.01.2020
BRYNHILD,2011,210,21123063,29.01.2020
BRYNHILD,2012,1257,21123063,29.01.2020
BRYNHILD,2013,3394,21123063,29.01.2020
BRYNHILD,2014,2230,21123063,29.01.2020
BRYNHILD,2015,997,21123063,29.01.2020
BRYNHILD,2016,-30,21123063,29.01.2020
BRYNHILD,2017,0,21123063,29.01.2020
BRYNHILD,2018,2,21123063,29.01.2020
BRYNHILD,2019,0,21123063,29.01.2020
BRYNHILD,2020,0,21123063,29.01.2020
BYRDING,2016,40,28975067,29.01.2020
BYRDING,2017,930,28975067,29.01.2020
BYRDING,2018,20,28975067,29.01.2020
BYRDING,2019,0,28975067,29.01.2020
BYRDING,2020,0,28975067,29.01.2020
BYRDING,2021,0,28975067,29.01.2020
BØYLA,2011,85,22492497,29.01.2020
BØYLA,2012,414,22492497,29.01.2020
BØYLA,2013,1276,22492497,29.01.2020
BØYLA,2014,3260,22492497,29.01.2020
BØYLA,2015,432,22492497,29.01.2020
BØYLA,2016,-71,22492497,29.01.2020
BØYLA,2017,26,22492497,29.01.2020
BØYLA,2018,19,22492497,29.01.2020
BØYLA,2019,0,22492497,29.01.2020
BØYLA,2020,0,22492497,29.01.2020
COD,1973,6,43785,29.01.2020
COD,1974,123,43785,29.01.2020
COD,1975,297,43785,29.01.2020
COD,1976,248,43785,29.01.2020
COD,1977,188,43785,29.01.2020
COD,1978,8,43785,29.01.2020
COD,1979,16,43785,29.01.2020
COD,1980,24,43785,29.01.2020
COD,1981,39,43785,29.01.2020
COD,1982,23,43785,29.01.2020
COD,1983,2,43785,29.01.2020
COD,1984,1,43785,29.01.2020
COD,1985,1,43785,29.01.2020
COD,1986,0,43785,29.01.2020
COD,1987,1,43785,29.01.2020
COD,1988,1,43785,29.01.2020
COD,1989,7,43785,29.01.2020
COD,1990,2,43785,29.01.2020
COD,1991,0,43785,29.01.2020
COD,1992,0,43785,29.01.2020
COD,1993,0,43785,29.01.2020
COD,1994,6,43785,29.01.2020
COD,1995,10,43785,29.01.2020
COD,1996,0,43785,29.01.2020
COD,1997,0,43785,29.01.2020
COD,1998,0,43785,29.01.2020
COD,1999,0,43785,29.01.2020
COD,2000,0,43785,29.01.2020
COD,2001,0,43785,29.01.2020
COD,2002,0,43785,29.01.2020
COD,2003,0,43785,29.01.2020
COD,2004,0,43785,29.01.2020
COD,2005,0,43785,29.01.2020
COD,2006,0,43785,29.01.2020
COD,2007,0,43785,29.01.2020
COD,2008,0,43785,29.01.2020
COD,2009,0,43785,29.01.2020
COD,2010,0,43785,29.01.2020
COD,2011,0,43785,29.01.2020
COD,2012,0,43785,29.01.2020
COD,2013,0,43785,29.01.2020
COD,2014,0,43785,29.01.2020
COD,2015,0,43785,29.01.2020
COD,2016,0,43785,29.01.2020
DRAUGEN,1988,231,43758,29.01.2020
DRAUGEN,1989,494,43758,29.01.2020
DRAUGEN,1990,2443,43758,29.01.2020
DRAUGEN,1991,2795,43758,29.01.2020
DRAUGEN,1992,2900,43758,29.01.2020
DRAUGEN,1993,3262,43758,29.01.2020
DRAUGEN,1994,1021,43758,29.01.2020
DRAUGEN,1995,430,43758,29.01.2020
DRAUGEN,1996,625,43758,29.01.2020
DRAUGEN,1997,190,43758,29.01.2020
DRAUGEN,1998,158,43758,29.01.2020
DRAUGEN,1999,632,43758,29.01.2020
DRAUGEN,2000,479,43758,29.01.2020
DRAUGEN,2001,1068,43758,29.01.2020
DRAUGEN,2002,737,43758,29.01.2020
DRAUGEN,2003,495,43758,29.01.2020
DRAUGEN,2004,334,43758,29.01.2020
DRAUGEN,2005,216,43758,29.01.2020
DRAUGEN,2006,399,43758,29.01.2020
DRAUGEN,2007,622,43758,29.01.2020
DRAUGEN,2008,1198,43758,29.01.2020
DRAUGEN,2009,773,43758,29.01.2020
DRAUGEN,2010,707,43758,29.01.2020
DRAUGEN,2011,1082,43758,29.01.2020
DRAUGEN,2012,2248,43758,29.01.2020
DRAUGEN,2013,5455,43758,29.01.2020
DRAUGEN,2014,3899,43758,29.01.2020
DRAUGEN,2015,2331,43758,29.01.2020
DRAUGEN,2016,1463,43758,29.01.2020
DRAUGEN,2017,659,43758,29.01.2020
DRAUGEN,2018,538,43758,29.01.2020
DRAUGEN,2019,0,43758,29.01.2020
DRAUGEN,2020,0,43758,29.01.2020
DRAUGEN,2021,0,43758,29.01.2020
DRAUGEN,2022,0,43758,29.01.2020
DUVA,2018,40,34833026,29.01.2020
DUVA,2019,0,34833026,29.01.2020
DUVA,2020,0,34833026,29.01.2020
DUVA,2021,0,34833026,29.01.2020
DUVA,2022,0,34833026,29.01.2020
DUVA,2023,0,34833026,29.01.2020
DUVA,2024,0,34833026,29.01.2020
DVALIN,2016,311,29393934,29.01.2020
DVALIN,2017,2145,29393934,29.01.2020
DVALIN,2018,2497,29393934,29.01.2020
DVALIN,2019,0,29393934,29.01.2020
DVALIN,2020,0,29393934,29.01.2020
DVALIN,2021,0,29393934,29.01.2020
DVALIN,2022,0,29393934,29.01.2020
EDDA,1973,1,43541,29.01.2020
EDDA,1974,56,43541,29.01.2020
EDDA,1975,108,43541,29.01.2020
EDDA,1976,167,43541,29.01.2020
EDDA,1977,408,43541,29.01.2020
EDDA,1978,334,43541,29.01.2020
EDDA,1979,482,43541,29.01.2020
EDDA,1980,256,43541,29.01.2020
EDDA,1981,196,43541,29.01.2020
EDDA,1982,30,43541,29.01.2020
EDDA,1983,0,43541,29.01.2020
EDDA,1984,1,43541,29.01.2020
EDDA,1985,1,43541,29.01.2020
EDDA,1986,2,43541,29.01.2020
EDDA,1987,1,43541,29.01.2020
EDDA,1988,0,43541,29.01.2020
EDDA,1989,14,43541,29.01.2020
EDDA,1990,10,43541,29.01.2020
EDDA,1991,15,43541,29.01.2020
EDDA,1992,6,43541,29.01.2020
EDDA,1993,1,43541,29.01.2020
EDDA,1994,29,43541,29.01.2020
EDDA,1995,20,43541,29.01.2020
EDDA,1996,19,43541,29.01.2020
EDDA,1997,0,43541,29.01.2020
EDDA,1998,0,43541,29.01.2020
EDDA,1999,0,43541,29.01.2020
EDDA,2000,0,43541,29.01.2020
EDDA,2001,0,43541,29.01.2020
EDDA,2002,0,43541,29.01.2020
EDDA,2003,0,43541,29.01.2020
EDDA,2004,0,43541,29.01.2020
EDDA,2005,0,43541,29.01.2020
EDDA,2006,0,43541,29.01.2020
EDDA,2007,0,43541,29.01.2020
EDDA,2008,0,43541,29.01.2020
EDDA,2009,0,43541,29.01.2020
EDDA,2010,0,43541,29.01.2020
EDDA,2011,0,43541,29.01.2020
EDDA,2012,0,43541,29.01.2020
EDDA,2013,0,43541,29.01.2020
EDDA,2014,0,43541,29.01.2020
EDDA,2015,0,43541,29.01.2020
EDDA,2016,0,43541,29.01.2020
EDDA,2017,0,43541,29.01.2020
EDDA,2018,0,43541,29.01.2020
EDVARD GRIEG,2012,1453,21675433,29.01.2020
EDVARD GRIEG,2013,5907,21675433,29.01.2020
EDVARD GRIEG,2014,6756,21675433,29.01.2020
EDVARD GRIEG,2015,5472,21675433,29.01.2020
EDVARD GRIEG,2016,2303,21675433,29.01.2020
EDVARD GRIEG,2017,2286,21675433,29.01.2020
EDVARD GRIEG,2018,1344,21675433,29.01.2020
EDVARD GRIEG,2019,0,21675433,29.01.2020
EDVARD GRIEG,2020,0,21675433,29.01.2020
EDVARD GRIEG,2021,0,21675433,29.01.2020
EDVARD GRIEG,2022,0,21675433,29.01.2020
EDVARD GRIEG,2023,0,21675433,29.01.2020
EKOFISK,1970,115,43506,29.01.2020
EKOFISK,1971,576,43506,29.01.2020
EKOFISK,1972,2195,43506,29.01.2020
EKOFISK,1973,1645,43506,29.01.2020
EKOFISK,1974,1346,43506,29.01.2020
EKOFISK,1975,931,43506,29.01.2020
EKOFISK,1976,1144,43506,29.01.2020
EKOFISK,1977,862,43506,29.01.2020
EKOFISK,1978,550,43506,29.01.2020
EKOFISK,1979,121,43506,29.01.2020
EKOFISK,1980,139,43506,29.01.2020
EKOFISK,1981,555,43506,29.01.2020
EKOFISK,1982,429,43506,29.01.2020
EKOFISK,1983,115,43506,29.01.2020
EKOFISK,1984,346,43506,29.01.2020
EKOFISK,1985,119,43506,29.01.2020
EKOFISK,1986,265,43506,29.01.2020
EKOFISK,1987,229,43506,29.01.2020
EKOFISK,1988,136,43506,29.01.2020
EKOFISK,1989,775,43506,29.01.2020
EKOFISK,1990,864,43506,29.01.2020
EKOFISK,1991,1169,43506,29.01.2020
EKOFISK,1992,635,43506,29.01.2020
EKOFISK,1993,545,43506,29.01.2020
EKOFISK,1994,3053,43506,29.01.2020
EKOFISK,1995,3919,43506,29.01.2020
EKOFISK,1996,8489,43506,29.01.2020
EKOFISK,1997,4616,43506,29.01.2020
EKOFISK,1998,2897,43506,29.01.2020
EKOFISK,1999,679,43506,29.01.2020
EKOFISK,2000,395,43506,29.01.2020
EKOFISK,2001,1574,43506,29.01.2020
EKOFISK,2002,1777,43506,29.01.2020
EKOFISK,2003,2491,43506,29.01.2020
EKOFISK,2004,5141,43506,29.01.2020
EKOFISK,2005,4362,43506,29.01.2020
EKOFISK,2006,4985,43506,29.01.2020
EKOFISK,2007,5215,43506,29.01.2020
EKOFISK,2008,5047,43506,29.01.2020
EKOFISK,2009,6775,43506,29.01.2020
EKOFISK,2010,6777,43506,29.01.2020
EKOFISK,2011,10174,43506,29.01.2020
EKOFISK,2012,13692,43506,29.01.2020
EKOFISK,2013,13061,43506,29.01.2020
EKOFISK,2014,8361,43506,29.01.2020
EKOFISK,2015,7087,43506,29.01.2020
EKOFISK,2016,4089,43506,29.01.2020
EKOFISK,2017,3697,43506,29.01.2020
EKOFISK,2018,5276,43506,29.01.2020
EKOFISK,2019,0,43506,29.01.2020
EKOFISK,2020,0,43506,29.01.2020
EKOFISK,2021,0,43506,29.01.2020
EKOFISK,2022,0,43506,29.01.2020
EKOFISK,2023,0,43506,29.01.2020
ELDFISK,1974,172,43527,29.01.2020
ELDFISK,1975,554,43527,29.01.2020
ELDFISK,1976,1264,43527,29.01.2020
ELDFISK,1977,915,43527,29.01.2020
ELDFISK,1978,1252,43527,29.01.2020
ELDFISK,1979,1175,43527,29.01.2020
ELDFISK,1980,621,43527,29.01.2020
ELDFISK,1981,467,43527,29.01.2020
ELDFISK,1982,453,43527,29.01.2020
ELDFISK,1983,273,43527,29.01.2020
ELDFISK,1984,139,43527,29.01.2020
ELDFISK,1985,229,43527,29.01.2020
ELDFISK,1986,101,43527,29.01.2020
ELDFISK,1987,119,43527,29.01.2020
ELDFISK,1988,347,43527,29.01.2020
ELDFISK,1989,231,43527,29.01.2020
ELDFISK,1990,76,43527,29.01.2020
ELDFISK,1991,79,43527,29.01.2020
ELDFISK,1992,11,43527,29.01.2020
ELDFISK,1993,13,43527,29.01.2020
ELDFISK,1994,307,43527,29.01.2020
ELDFISK,1995,625,43527,29.01.2020
ELDFISK,1996,936,43527,29.01.2020
ELDFISK,1997,599,43527,29.01.2020
ELDFISK,1998,2472,43527,29.01.2020
ELDFISK,1999,2605,43527,29.01.2020
ELDFISK,2000,1332,43527,29.01.2020
ELDFISK,2001,918,43527,29.01.2020
ELDFISK,2002,455,43527,29.01.2020
ELDFISK,2003,866,43527,29.01.2020
ELDFISK,2004,1159,43527,29.01.2020
ELDFISK,2005,996,43527,29.01.2020
ELDFISK,2006,2066,43527,29.01.2020
ELDFISK,2007,1232,43527,29.01.2020
ELDFISK,2008,1800,43527,29.01.2020
ELDFISK,2009,2242,43527,29.01.2020
ELDFISK,2010,2114,43527,29.01.2020
ELDFISK,2011,3748,43527,29.01.2020
ELDFISK,2012,7264,43527,29.01.2020
ELDFISK,2013,9294,43527,29.01.2020
ELDFISK,2014,8152,43527,29.01.2020
ELDFISK,2015,4616,43527,29.01.2020
ELDFISK,2016,2867,43527,29.01.2020
ELDFISK,2017,3045,43527,29.01.2020
ELDFISK,2018,1948,43527,29.01.2020
ELDFISK,2019,0,43527,29.01.2020
ELDFISK,2020,0,43527,29.01.2020
ELDFISK,2021,0,43527,29.01.2020
ELDFISK,2022,0,43527,29.01.2020
ELDFISK,2023,0,43527,29.01.2020
EMBLA,1990,30,43534,29.01.2020
EMBLA,1991,430,43534,29.01.2020
EMBLA,1992,1183,43534,29.01.2020
EMBLA,1993,373,43534,29.01.2020
EMBLA,1994,0,43534,29.01.2020
EMBLA,1995,3,43534,29.01.2020
EMBLA,1996,1,43534,29.01.2020
EMBLA,1997,0,43534,29.01.2020
EMBLA,1998,0,43534,29.01.2020
EMBLA,1999,353,43534,29.01.2020
EMBLA,2000,15,43534,29.01.2020
EMBLA,2001,0,43534,29.01.2020
EMBLA,2002,0,43534,29.01.2020
EMBLA,2003,133,43534,29.01.2020
EMBLA,2004,12,43534,29.01.2020
EMBLA,2005,418,43534,29.01.2020
EMBLA,2006,8,43534,29.01.2020
EMBLA,2007,1,43534,29.01.2020
EMBLA,2008,19,43534,29.01.2020
EMBLA,2009,27,43534,29.01.2020
EMBLA,2010,58,43534,29.01.2020
EMBLA,2011,65,43534,29.01.2020
EMBLA,2012,155,43534,29.01.2020
EMBLA,2013,150,43534,29.01.2020
EMBLA,2014,131,43534,29.01.2020
EMBLA,2015,121,43534,29.01.2020
EMBLA,2016,1,43534,29.01.2020
EMBLA,2017,27,43534,29.01.2020
EMBLA,2018,4,43534,29.01.2020
EMBLA,2019,0,43534,29.01.2020
EMBLA,2020,0,43534,29.01.2020
EMBLA,2021,0,43534,29.01.2020
EMBLA,2022,0,43534,29.01.2020
EMBLA,2023,0,43534,29.01.2020
ENOCH,2005,6,3437659,29.01.2020
ENOCH,2006,202,3437659,29.01.2020
ENOCH,2007,0,3437659,29.01.2020
ENOCH,2008,0,3437659,29.01.2020
ENOCH,2009,0,3437659,29.01.2020
ENOCH,2010,0,3437659,29.01.2020
ENOCH,2011,0,3437659,29.01.2020
ENOCH,2012,0,3437659,29.01.2020
ENOCH,2013,0,3437659,29.01.2020
ENOCH,2014,0,3437659,29.01.2020
ENOCH,2015,0,3437659,29.01.2020
ENOCH,2016,0,3437659,29.01.2020
ENOCH,2017,7,3437659,29.01.2020
ENOCH,2018,0,3437659,29.01.2020
ENOCH,2019,0,3437659,29.01.2020
ENOCH,2020,0,3437659,29.01.2020
FENJA,2018,1881,31164879,29.01.2020
FENJA,2019,0,31164879,29.01.2020
FENJA,2020,0,31164879,29.01.2020
FENJA,2021,0,31164879,29.01.2020
FENJA,2022,0,31164879,29.01.2020
FENJA,2023,0,31164879,29.01.2020
FLYNDRE,2009,34,24635035,29.01.2020
FLYNDRE,2010,0,24635035,29.01.2020
FLYNDRE,2011,0,24635035,29.01.2020
FLYNDRE,2012,0,24635035,29.01.2020
FLYNDRE,2013,92,24635035,29.01.2020
FLYNDRE,2014,269,24635035,29.01.2020
FLYNDRE,2015,147,24635035,29.01.2020
FLYNDRE,2016,35,24635035,29.01.2020
FLYNDRE,2017,23,24635035,29.01.2020
FLYNDRE,2018,1,24635035,29.01.2020
FLYNDRE,2019,0,24635035,29.01.2020
FLYNDRE,2020,0,24635035,29.01.2020
FLYNDRE,2021,0,24635035,29.01.2020
FRAM,1997,0,1578840,29.01.2020
FRAM,1998,0,1578840,29.01.2020
FRAM,1999,0,1578840,29.01.2020
FRAM,2000,0,1578840,29.01.2020
FRAM,2001,434,1578840,29.01.2020
FRAM,2002,1514,1578840,29.01.2020
FRAM,2003,1518,1578840,29.01.2020
FRAM,2004,96,1578840,29.01.2020
FRAM,2005,846,1578840,29.01.2020
FRAM,2006,1840,1578840,29.01.2020
FRAM,2007,1808,1578840,29.01.2020
FRAM,2008,1677,1578840,29.01.2020
FRAM,2009,25,1578840,29.01.2020
FRAM,2010,117,1578840,29.01.2020
FRAM,2011,-3,1578840,29.01.2020
FRAM,2012,210,1578840,29.01.2020
FRAM,2013,-171,1578840,29.01.2020
FRAM,2014,6,1578840,29.01.2020
FRAM,2015,14,1578840,29.01.2020
FRAM,2016,719,1578840,29.01.2020
FRAM,2017,308,1578840,29.01.2020
FRAM,2018,734,1578840,29.01.2020
FRAM,2019,0,1578840,29.01.2020
FRAM,2020,0,1578840,29.01.2020
FRAM,2021,0,1578840,29.01.2020
FRAM H-NORD,2012,242,23410947,29.01.2020
FRAM H-NORD,2013,1024,23410947,29.01.2020
FRAM H-NORD,2014,1238,23410947,29.01.2020
FRAM H-NORD,2015,38,23410947,29.01.2020
FRAM H-NORD,2016,0,23410947,29.01.2020
FRAM H-NORD,2017,0,23410947,29.01.2020
FRAM H-NORD,2018,0,23410947,29.01.2020
FRAM H-NORD,2019,0,23410947,29.01.2020
FRAM H-NORD,2020,0,23410947,29.01.2020
FRIGG,1974,471,43555,29.01.2020
FRIGG,1975,1385,43555,29.01.2020
FRIGG,1976,1959,43555,29.01.2020
FRIGG,1977,1944,43555,29.01.2020
FRIGG,1978,734,43555,29.01.2020
FRIGG,1979,611,43555,29.01.2020
FRIGG,1980,728,43555,29.01.2020
FRIGG,1981,126,43555,29.01.2020
FRIGG,1982,19,43555,29.01.2020
FRIGG,1983,39,43555,29.01.2020
FRIGG,1984,33,43555,29.01.2020
FRIGG,1985,30,43555,29.01.2020
FRIGG,1986,51,43555,29.01.2020
FRIGG,1987,47,43555,29.01.2020
FRIGG,1988,1,43555,29.01.2020
FRIGG,1989,80,43555,29.01.2020
FRIGG,1990,4,43555,29.01.2020
FRIGG,1991,0,43555,29.01.2020
FRIGG,1992,1,43555,29.01.2020
FRIGG,1993,31,43555,29.01.2020
FRIGG,1994,44,43555,29.01.2020
FRIGG,1995,135,43555,29.01.2020
FRIGG,1996,112,43555,29.01.2020
FRIGG,1997,21,43555,29.01.2020
FRIGG,1998,8,43555,29.01.2020
FRIGG,1999,-8,43555,29.01.2020
FRIGG,2000,0,43555,29.01.2020
FRIGG,2001,0,43555,29.01.2020
FRIGG,2002,0,43555,29.01.2020
FRIGG,2003,0,43555,29.01.2020
FRIGG,2004,0,43555,29.01.2020
FRIGG,2005,0,43555,29.01.2020
FRIGG,2006,0,43555,29.01.2020
FRIGG,2007,0,43555,29.01.2020
FRIGG,2008,0,43555,29.01.2020
FRIGG,2009,0,43555,29.01.2020
FRIGG,2010,0,43555,29.01.2020
FRØY,1992,194,43597,29.01.2020
FRØY,1993,1666,43597,29.01.2020
FRØY,1994,2518,43597,29.01.2020
FRØY,1995,1019,43597,29.01.2020
FRØY,1996,135,43597,29.01.2020
FRØY,1997,0,43597,29.01.2020
FRØY,1998,0,43597,29.01.2020
FRØY,1999,0,43597,29.01.2020
FRØY,2000,0,43597,29.01.2020
FRØY,2001,0,43597,29.01.2020
FRØY,2002,0,43597,29.01.2020
FRØY,2003,0,43597,29.01.2020
FRØY,2004,0,43597,29.01.2020
FRØY,2005,0,43597,29.01.2020
FRØY,2006,0,43597,29.01.2020
FRØY,2007,0,43597,29.01.2020
FRØY,2008,0,43597,29.01.2020
FRØY,2009,19,43597,29.01.2020
FRØY,2010,0,43597,29.01.2020
FRØY,2011,0,43597,29.01.2020
FRØY,2012,0,43597,29.01.2020
FRØY,2013,0,43597,29.01.2020
FRØY,2014,0,43597,29.01.2020
GAUPE,2010,378,18161341,29.01.2020
GAUPE,2011,1707,18161341,29.01.2020
GAUPE,2012,233,18161341,29.01.2020
GAUPE,2013,11,18161341,29.01.2020
GAUPE,2014,0,18161341,29.01.2020
GAUPE,2015,0,18161341,29.01.2020
GAUPE,2016,-8,18161341,29.01.2020
GAUPE,2017,0,18161341,29.01.2020
GAUPE,2018,0,18161341,29.01.2020
GAUPE,2019,0,18161341,29.01.2020
GAUPE,2020,0,18161341,29.01.2020
GIMLE,2004,113,4005142,29.01.2020
GIMLE,2005,0,4005142,29.01.2020
GIMLE,2006,99,4005142,29.01.2020
GIMLE,2007,280,4005142,29.01.2020
GIMLE,2008,272,4005142,29.01.2020
GIMLE,2009,6,4005142,29.01.2020
GIMLE,2010,1,4005142,29.01.2020
GIMLE,2011,9,4005142,29.01.2020
GIMLE,2012,150,4005142,29.01.2020
GIMLE,2013,490,4005142,29.01.2020
GIMLE,2014,352,4005142,29.01.2020
GIMLE,2015,-19,4005142,29.01.2020
GIMLE,2016,-6,4005142,29.01.2020
GIMLE,2017,3,4005142,29.01.2020
GIMLE,2018,-37,4005142,29.01.2020
GIMLE,2019,0,4005142,29.01.2020
GIMLE,2020,0,4005142,29.01.2020
GIMLE,2021,0,4005142,29.01.2020
GINA KROG,2006,0,23384544,29.01.2020
GINA KROG,2007,0,23384544,29.01.2020
GINA KROG,2008,0,23384544,29.01.2020
GINA KROG,2009,0,23384544,29.01.2020
GINA KROG,2010,0,23384544,29.01.2020
GINA KROG,2011,0,23384544,29.01.2020
GINA KROG,2012,0,23384544,29.01.2020
GINA KROG,2013,2147,23384544,29.01.2020
GINA KROG,2014,4450,23384544,29.01.2020
GINA KROG,2015,7551,23384544,29.01.2020
GINA KROG,2016,7139,23384544,29.01.2020
GINA KROG,2017,5147,23384544,29.01.2020
GINA KROG,2018,2631,23384544,29.01.2020
GINA KROG,2019,0,23384544,29.01.2020
GINA KROG,2020,0,23384544,29.01.2020
GINA KROG,2021,0,23384544,29.01.2020
GJØA,1997,0,4467574,29.01.2020
GJØA,1998,0,4467574,29.01.2020
GJØA,1999,0,4467574,29.01.2020
GJØA,2000,0,4467574,29.01.2020
GJØA,2001,0,4467574,29.01.2020
GJØA,2002,0,4467574,29.01.2020
GJØA,2003,0,4467574,29.01.2020
GJØA,2004,0,4467574,29.01.2020
GJØA,2005,0,4467574,29.01.2020
GJØA,2006,135,4467574,29.01.2020
GJØA,2007,3745,4467574,29.01.2020
GJØA,2008,9143,4467574,29.01.2020
GJØA,2009,9901,4467574,29.01.2020
GJØA,2010,2672,4467574,29.01.2020
GJØA,2011,2447,4467574,29.01.2020
GJØA,2012,1112,4467574,29.01.2020
GJØA,2013,34,4467574,29.01.2020
GJØA,2014,123,4467574,29.01.2020
GJØA,2015,147,4467574,29.01.2020
GJØA,2016,71,4467574,29.01.2020
GJØA,2017,44,4467574,29.01.2020
GJØA,2018,71,4467574,29.01.2020
GJØA,2019,0,4467574,29.01.2020
GJØA,2020,0,4467574,29.01.2020
GJØA,2021,0,4467574,29.01.2020
GJØA,2022,0,4467574,29.01.2020
GJØA,2023,0,4467574,29.01.2020
GLITNE,2000,240,1272071,29.01.2020
GLITNE,2001,635,1272071,29.01.2020
GLITNE,2002,0,1272071,29.01.2020
GLITNE,2003,270,1272071,29.01.2020
GLITNE,2004,420,1272071,29.01.2020
GLITNE,2005,9,1272071,29.01.2020
GLITNE,2006,57,1272071,29.01.2020
GLITNE,2007,740,1272071,29.01.2020
GLITNE,2008,104,1272071,29.01.2020
GLITNE,2009,12,1272071,29.01.2020
GLITNE,2010,2,1272071,29.01.2020
GLITNE,2011,47,1272071,29.01.2020
GLITNE,2012,452,1272071,29.01.2020
GLITNE,2013,0,1272071,29.01.2020
GLITNE,2014,0,1272071,29.01.2020
GLITNE,2015,0,1272071,29.01.2020
GLITNE,2016,-59,1272071,29.01.2020
GLITNE,2017,59,1272071,29.01.2020
GLITNE,2018,0,1272071,29.01.2020
GOLIAT,2009,755,5774394,29.01.2020
GOLIAT,2010,2744,5774394,29.01.2020
GOLIAT,2011,6683,5774394,29.01.2020
GOLIAT,2012,8136,5774394,29.01.2020
GOLIAT,2013,6699,5774394,29.01.2020
GOLIAT,2014,9389,5774394,29.01.2020
GOLIAT,2015,9894,5774394,29.01.2020
GOLIAT,2016,3385,5774394,29.01.2020
GOLIAT,2017,1520,5774394,29.01.2020
GOLIAT,2018,1412,5774394,29.01.2020
GOLIAT,2019,0,5774394,29.01.2020
GOLIAT,2020,0,5774394,29.01.2020
GOLIAT,2021,0,5774394,29.01.2020
GOLIAT,2022,0,5774394,29.01.2020
GRANE,1996,0,1035937,29.01.2020
GRANE,1999,87,1035937,29.01.2020
GRANE,2000,869,1035937,29.01.2020
GRANE,2001,3299,1035937,29.01.2020
GRANE,2002,5200,1035937,29.01.2020
GRANE,2003,2537,1035937,29.01.2020
GRANE,2004,746,1035937,29.01.2020
GRANE,2005,710,1035937,29.01.2020
GRANE,2006,829,1035937,29.01.2020
GRANE,2007,1052,1035937,29.01.2020
GRANE,2008,989,1035937,29.01.2020
GRANE,2009,1097,1035937,29.01.2020
GRANE,2010,1170,1035937,29.01.2020
GRANE,2011,1161,1035937,29.01.2020
GRANE,2012,1239,1035937,29.01.2020
GRANE,2013,1181,1035937,29.01.2020
GRANE,2014,1671,1035937,29.01.2020
GRANE,2015,1406,1035937,29.01.2020
GRANE,2016,1204,1035937,29.01.2020
GRANE,2017,1259,1035937,29.01.2020
GRANE,2018,1112,1035937,29.01.2020
GRANE,2019,0,1035937,29.01.2020
GRANE,2020,0,1035937,29.01.2020
GRANE,2021,0,1035937,29.01.2020
GRANE,2022,0,1035937,29.01.2020
GRANE,2023,0,1035937,29.01.2020
GUDRUN,2010,1078,18116481,29.01.2020
GUDRUN,2011,4779,18116481,29.01.2020
GUDRUN,2012,5127,18116481,29.01.2020
GUDRUN,2013,4674,18116481,29.01.2020
GUDRUN,2014,2604,18116481,29.01.2020
GUDRUN,2015,1669,18116481,29.01.2020
GUDRUN,2016,335,18116481,29.01.2020
GUDRUN,2017,86,18116481,29.01.2020
GUDRUN,2018,211,18116481,29.01.2020
GUDRUN,2019,0,18116481,29.01.2020
GUDRUN,2020,0,18116481,29.01.2020
GUDRUN,2021,0,18116481,29.01.2020
GULLFAKS,1981,357,43686,29.01.2020
GULLFAKS,1982,880,43686,29.01.2020
GULLFAKS,1983,2821,43686,29.01.2020
GULLFAKS,1984,5268,43686,29.01.2020
GULLFAKS,1985,7336,43686,29.01.2020
GULLFAKS,1986,9691,43686,29.01.2020
GULLFAKS,1987,8965,43686,29.01.2020
GULLFAKS,1988,4447,43686,29.01.2020
GULLFAKS,1989,3114,43686,29.01.2020
GULLFAKS,1990,1187,43686,29.01.2020
GULLFAKS,1991,1265,43686,29.01.2020
GULLFAKS,1992,1481,43686,29.01.2020
GULLFAKS,1993,1529,43686,29.01.2020
GULLFAKS,1994,683,43686,29.01.2020
GULLFAKS,1995,1073,43686,29.01.2020
GULLFAKS,1996,857,43686,29.01.2020
GULLFAKS,1997,1095,43686,29.01.2020
GULLFAKS,1998,1072,43686,29.01.2020
GULLFAKS,1999,1216,43686,29.01.2020
GULLFAKS,2000,1010,43686,29.01.2020
GULLFAKS,2001,1257,43686,29.01.2020
GULLFAKS,2002,1194,43686,29.01.2020
GULLFAKS,2003,1544,43686,29.01.2020
GULLFAKS,2004,1395,43686,29.01.2020
GULLFAKS,2005,1248,43686,29.01.2020
GULLFAKS,2006,1212,43686,29.01.2020
GULLFAKS,2007,1485,43686,29.01.2020
GULLFAKS,2008,2224,43686,29.01.2020
GULLFAKS,2009,2622,43686,29.01.2020
GULLFAKS,2010,2471,43686,29.01.2020
GULLFAKS,2011,2941,43686,29.01.2020
GULLFAKS,2012,3745,43686,29.01.2020
GULLFAKS,2013,3347,43686,29.01.2020
GULLFAKS,2014,3602,43686,29.01.2020
GULLFAKS,2015,3116,43686,29.01.2020
GULLFAKS,2016,3480,43686,29.01.2020
GULLFAKS,2017,2693,43686,29.01.2020
GULLFAKS,2018,3533,43686,29.01.2020
GULLFAKS,2019,0,43686,29.01.2020
GULLFAKS,2020,0,43686,29.01.2020
GULLFAKS,2021,0,43686,29.01.2020
GULLFAKS,2022,0,43686,29.01.2020
GULLFAKS,2023,0,43686,29.01.2020
GULLFAKS SØR,1996,986,43699,29.01.2020
GULLFAKS SØR,1997,2554,43699,29.01.2020
GULLFAKS SØR,1998,3089,43699,29.01.2020
GULLFAKS SØR,1999,3297,43699,29.01.2020
GULLFAKS SØR,2000,4312,43699,29.01.2020
GULLFAKS SØR,2001,2408,43699,29.01.2020
GULLFAKS SØR,2002,1501,43699,29.01.2020
GULLFAKS SØR,2003,1194,43699,29.01.2020
GULLFAKS SØR,2004,762,43699,29.01.2020
GULLFAKS SØR,2005,2050,43699,29.01.2020
GULLFAKS SØR,2006,2809,43699,29.01.2020
GULLFAKS SØR,2007,1451,43699,29.01.2020
GULLFAKS SØR,2008,133,43699,29.01.2020
GULLFAKS SØR,2009,118,43699,29.01.2020
GULLFAKS SØR,2010,63,43699,29.01.2020
GULLFAKS SØR,2011,1613,43699,29.01.2020
GULLFAKS SØR,2012,4520,43699,29.01.2020
GULLFAKS SØR,2013,5476,43699,29.01.2020
GULLFAKS SØR,2014,6827,43699,29.01.2020
GULLFAKS SØR,2015,8304,43699,29.01.2020
GULLFAKS SØR,2016,5705,43699,29.01.2020
GULLFAKS SØR,2017,1883,43699,29.01.2020
GULLFAKS SØR,2018,1168,43699,29.01.2020
GULLFAKS SØR,2019,0,43699,29.01.2020
GULLFAKS SØR,2020,0,43699,29.01.2020
GULLFAKS SØR,2021,0,43699,29.01.2020
GULLFAKS SØR,2022,0,43699,29.01.2020
GULLFAKS SØR,2023,0,43699,29.01.2020
GUNGNE,1995,153,43464,29.01.2020
GUNGNE,1996,185,43464,29.01.2020
GUNGNE,1997,-2,43464,29.01.2020
GUNGNE,1998,14,43464,29.01.2020
GUNGNE,1999,66,43464,29.01.2020
GUNGNE,2000,276,43464,29.01.2020
GUNGNE,2001,100,43464,29.01.2020
GUNGNE,2002,1,43464,29.01.2020
GUNGNE,2003,12,43464,29.01.2020
GUNGNE,2004,13,43464,29.01.2020
GUNGNE,2005,324,43464,29.01.2020
GUNGNE,2006,40,43464,29.01.2020
GUNGNE,2007,296,43464,29.01.2020
GUNGNE,2008,43,43464,29.01.2020
GUNGNE,2009,298,43464,29.01.2020
GUNGNE,2010,108,43464,29.01.2020
GUNGNE,2011,1,43464,29.01.2020
GUNGNE,2012,0,43464,29.01.2020
GUNGNE,2013,0,43464,29.01.2020
GUNGNE,2014,0,43464,29.01.2020
GUNGNE,2015,0,43464,29.01.2020
GUNGNE,2016,0,43464,29.01.2020
GUNGNE,2017,0,43464,29.01.2020
GUNGNE,2018,0,43464,29.01.2020
GUNGNE,2019,0,43464,29.01.2020
GUNGNE,2020,0,43464,29.01.2020
GYDA,1988,2636,43492,29.01.2020
GYDA,1989,2336,43492,29.01.2020
GYDA,1990,1234,43492,29.01.2020
GYDA,1991,327,43492,29.01.2020
GYDA,1992,264,43492,29.01.2020
GYDA,1993,316,43492,29.01.2020
GYDA,1994,310,43492,29.01.2020
GYDA,1995,190,43492,29.01.2020
GYDA,1996,226,43492,29.01.2020
GYDA,1997,191,43492,29.01.2020
GYDA,1998,293,43492,29.01.2020
GYDA,1999,20,43492,29.01.2020
GYDA,2000,24,43492,29.01.2020
GYDA,2001,234,43492,29.01.2020
GYDA,2002,100,43492,29.01.2020
GYDA,2003,120,43492,29.01.2020
GYDA,2004,336,43492,29.01.2020
GYDA,2005,360,43492,29.01.2020
GYDA,2006,302,43492,29.01.2020
GYDA,2007,484,43492,29.01.2020
GYDA,2008,561,43492,29.01.2020
GYDA,2009,298,43492,29.01.2020
GYDA,2010,623,43492,29.01.2020
GYDA,2011,650,43492,29.01.2020
GYDA,2012,189,43492,29.01.2020
GYDA,2013,610,43492,29.01.2020
GYDA,2014,27,43492,29.01.2020
GYDA,2015,0,43492,29.01.2020
GYDA,2016,0,43492,29.01.2020
GYDA,2017,2,43492,29.01.2020
GYDA,2018,0,43492,29.01.2020
GYDA,2019,0,43492,29.01.2020
GYDA,2020,0,43492,29.01.2020
HANZ,2013,1,25307278,29.01.2020
HANZ,2014,1,25307278,29.01.2020
HANZ,2015,3,25307278,29.01.2020
HANZ,2016,5,25307278,29.01.2020
HANZ,2017,33,25307278,29.01.2020
HANZ,2018,455,25307278,29.01.2020
HEIDRUN,1986,0,43771,29.01.2020
HEIDRUN,1987,217,43771,29.01.2020
HEIDRUN,1988,50,43771,29.01.2020
HEIDRUN,1989,55,43771,29.01.2020
HEIDRUN,1990,126,43771,29.01.2020
HEIDRUN,1991,836,43771,29.01.2020
HEIDRUN,1992,3096,43771,29.01.2020
HEIDRUN,1993,8708,43771,29.01.2020
HEIDRUN,1994,8367,43771,29.01.2020
HEIDRUN,1995,4800,43771,29.01.2020
HEIDRUN,1996,538,43771,29.01.2020
HEIDRUN,1997,669,43771,29.01.2020
HEIDRUN,1998,1474,43771,29.01.2020
HEIDRUN,1999,2617,43771,29.01.2020
HEIDRUN,2000,2884,43771,29.01.2020
HEIDRUN,2001,1849,43771,29.01.2020
HEIDRUN,2002,2009,43771,29.01.2020
HEIDRUN,2003,2190,43771,29.01.2020
HEIDRUN,2004,1037,43771,29.01.2020
HEIDRUN,2005,1235,43771,29.01.2020
HEIDRUN,2006,1681,43771,29.01.2020
HEIDRUN,2007,1436,43771,29.01.2020
HEIDRUN,2008,1311,43771,29.01.2020
HEIDRUN,2009,2372,43771,29.01.2020
HEIDRUN,2010,1349,43771,29.01.2020
HEIDRUN,2011,2029,43771,29.01.2020
HEIDRUN,2012,1257,43771,29.01.2020
HEIDRUN,2013,2553,43771,29.01.2020
HEIDRUN,2014,3673,43771,29.01.2020
HEIDRUN,2015,1756,43771,29.01.2020
HEIDRUN,2016,1695,43771,29.01.2020
HEIDRUN,2017,2301,43771,29.01.2020
HEIDRUN,2018,1685,43771,29.01.2020
HEIDRUN,2019,0,43771,29.01.2020
HEIDRUN,2020,0,43771,29.01.2020
HEIDRUN,2021,0,43771,29.01.2020
HEIDRUN,2022,0,43771,29.01.2020
HEIDRUN,2023,0,43771,29.01.2020
HEIMDAL,1981,81,43590,29.01.2020
HEIMDAL,1982,983,43590,29.01.2020
HEIMDAL,1983,2569,43590,29.01.2020
HEIMDAL,1984,2444,43590,29.01.2020
HEIMDAL,1985,1801,43590,29.01.2020
HEIMDAL,1986,524,43590,29.01.2020
HEIMDAL,1987,13,43590,29.01.2020
HEIMDAL,1988,22,43590,29.01.2020
HEIMDAL,1989,0,43590,29.01.2020
HEIMDAL,1990,5,43590,29.01.2020
HEIMDAL,1991,-8,43590,29.01.2020
HEIMDAL,1992,28,43590,29.01.2020
HEIMDAL,1993,266,43590,29.01.2020
HEIMDAL,1994,8,43590,29.01.2020
HEIMDAL,1995,1,43590,29.01.2020
HEIMDAL,1996,1,43590,29.01.2020
HEIMDAL,1997,0,43590,29.01.2020
HEIMDAL,1998,18,43590,29.01.2020
HEIMDAL,1999,157,43590,29.01.2020
HEIMDAL,2000,24,43590,29.01.2020
HEIMDAL,2001,-41,43590,29.01.2020
HEIMDAL,2002,0,43590,29.01.2020
HEIMDAL,2003,16,43590,29.01.2020
HEIMDAL,2004,11,43590,29.01.2020
HEIMDAL,2005,18,43590,29.01.2020
HEIMDAL,2006,107,43590,29.01.2020
HEIMDAL,2007,400,43590,29.01.2020
HEIMDAL,2008,46,43590,29.01.2020
HEIMDAL,2009,364,43590,29.01.2020
HEIMDAL,2010,105,43590,29.01.2020
HEIMDAL,2011,52,43590,29.01.2020
HEIMDAL,2012,64,43590,29.01.2020
HEIMDAL,2013,42,43590,29.01.2020
HEIMDAL,2014,9,43590,29.01.2020
HEIMDAL,2015,174,43590,29.01.2020
HEIMDAL,2016,205,43590,29.01.2020
HEIMDAL,2017,87,43590,29.01.2020
HEIMDAL,2018,153,43590,29.01.2020
HEIMDAL,2019,0,43590,29.01.2020
HEIMDAL,2020,0,43590,29.01.2020
HOD,1988,11,43485,29.01.2020
HOD,1989,163,43485,29.01.2020
HOD,1990,441,43485,29.01.2020
HOD,1991,242,43485,29.01.2020
HOD,1992,3,43485,29.01.2020
HOD,1993,5,43485,29.01.2020
HOD,1994,291,43485,29.01.2020
HOD,1995,84,43485,29.01.2020
HOD,1996,1,43485,29.01.2020
HOD,1997,3,43485,29.01.2020
HOD,1998,42,43485,29.01.2020
HOD,1999,2,43485,29.01.2020
HOD,2000,145,43485,29.01.2020
HOD,2001,9,43485,29.01.2020
HOD,2002,26,43485,29.01.2020
HOD,2003,2,43485,29.01.2020
HOD,2004,9,43485,29.01.2020
HOD,2005,185,43485,29.01.2020
HOD,2006,214,43485,29.01.2020
HOD,2007,5,43485,29.01.2020
HOD,2008,20,43485,29.01.2020
HOD,2009,105,43485,29.01.2020
HOD,2010,91,43485,29.01.2020
HOD,2011,155,43485,29.01.2020
HOD,2012,88,43485,29.01.2020
HOD,2013,140,43485,29.01.2020
HOD,2014,1,43485,29.01.2020
HOD,2015,0,43485,29.01.2020
HOD,2016,0,43485,29.01.2020
HOD,2017,49,43485,29.01.2020
HOD,2018,8,43485,29.01.2020
HOD,2019,0,43485,29.01.2020
HOD,2020,0,43485,29.01.2020
HULDRA,1998,179,97002,29.01.2020
HULDRA,1999,1430,97002,29.01.2020
HULDRA,2000,2251,97002,29.01.2020
HULDRA,2001,1900,97002,29.01.2020
HULDRA,2002,477,97002,29.01.2020
HULDRA,2003,78,97002,29.01.2020
HULDRA,2004,58,97002,29.01.2020
HULDRA,2005,314,97002,29.01.2020
HULDRA,2006,350,97002,29.01.2020
HULDRA,2007,179,97002,29.01.2020
HULDRA,2008,102,97002,29.01.2020
HULDRA,2009,65,97002,29.01.2020
HULDRA,2010,23,97002,29.01.2020
HULDRA,2011,54,97002,29.01.2020
HULDRA,2012,40,97002,29.01.2020
HULDRA,2013,54,97002,29.01.2020
HULDRA,2014,0,97002,29.01.2020
HULDRA,2015,0,97002,29.01.2020
HULDRA,2016,0,97002,29.01.2020
HULDRA,2017,0,97002,29.01.2020
HULDRA,2018,0,97002,29.01.2020
HULDRA,2019,0,97002,29.01.2020
HULDRA,2020,0,97002,29.01.2020
HYME,2011,897,20474183,29.01.2020
HYME,2012,2912,20474183,29.01.2020
HYME,2013,582,20474183,29.01.2020
HYME,2014,45,20474183,29.01.2020
HYME,2015,-5,20474183,29.01.2020
HYME,2016,16,20474183,29.01.2020
HYME,2017,31,20474183,29.01.2020
HYME,2018,31,20474183,29.01.2020
HYME,2019,0,20474183,29.01.2020
HYME,2020,0,20474183,29.01.2020
HYME,2021,0,20474183,29.01.2020
ISLAY,2010,14,21105675,29.01.2020
ISLAY,2011,564,21105675,29.01.2020
ISLAY,2012,12,21105675,29.01.2020
ISLAY,2013,5,21105675,29.01.2020
ISLAY,2014,0,21105675,29.01.2020
ISLAY,2015,0,21105675,29.01.2020
ISLAY,2016,0,21105675,29.01.2020
ISLAY,2017,0,21105675,29.01.2020
ISLAY,2018,0,21105675,29.01.2020
ISLAY,2019,0,21105675,29.01.2020
ISLAY,2020,0,21105675,29.01.2020
IVAR AASEN,2013,2305,23384520,29.01.2020
IVAR AASEN,2014,5167,23384520,29.01.2020
IVAR AASEN,2015,9044,23384520,29.01.2020
IVAR AASEN,2016,5926,23384520,29.01.2020
IVAR AASEN,2017,2596,23384520,29.01.2020
IVAR AASEN,2018,1251,23384520,29.01.2020
IVAR AASEN,2019,0,23384520,29.01.2020
IVAR AASEN,2020,0,23384520,29.01.2020
JETTE,2011,263,21613906,29.01.2020
JETTE,2012,2756,21613906,29.01.2020
JETTE,2013,538,21613906,29.01.2020
JETTE,2014,5,21613906,29.01.2020
JETTE,2015,0,21613906,29.01.2020
JETTE,2016,0,21613906,29.01.2020
JETTE,2017,0,21613906,29.01.2020
JETTE,2018,0,21613906,29.01.2020
JOHAN CASTBERG,2017,920,32017325,29.01.2020
JOHAN CASTBERG,2018,8470,32017325,29.01.2020
JOHAN CASTBERG,2019,0,32017325,29.01.2020
JOHAN CASTBERG,2020,0,32017325,29.01.2020
JOHAN CASTBERG,2021,0,32017325,29.01.2020
JOHAN CASTBERG,2022,0,32017325,29.01.2020
JOHAN CASTBERG,2023,0,32017325,29.01.2020
JOHAN SVERDRUP,2014,0,26376286,29.01.2020
JOHAN SVERDRUP,2015,7744,26376286,29.01.2020
JOHAN SVERDRUP,2016,22246,26376286,29.01.2020
JOHAN SVERDRUP,2017,21855,26376286,29.01.2020
JOHAN SVERDRUP,2018,16519,26376286,29.01.2020
JOHAN SVERDRUP,2019,0,26376286,29.01.2020
JOHAN SVERDRUP,2020,0,26376286,29.01.2020
JOHAN SVERDRUP,2021,0,26376286,29.01.2020
JOHAN SVERDRUP,2022,0,26376286,29.01.2020
JOHAN SVERDRUP,2023,0,26376286,29.01.2020
JOHAN SVERDRUP,2024,0,26376286,29.01.2020
JOTUN,1995,0,43604,29.01.2020
JOTUN,1996,102,43604,29.01.2020
JOTUN,1997,1856,43604,29.01.2020
JOTUN,1998,3311,43604,29.01.2020
JOTUN,1999,1868,43604,29.01.2020
JOTUN,2000,663,43604,29.01.2020
JOTUN,2001,168,43604,29.01.2020
JOTUN,2002,535,43604,29.01.2020
JOTUN,2003,376,43604,29.01.2020
JOTUN,2004,13,43604,29.01.2020
JOTUN,2005,10,43604,29.01.2020
JOTUN,2006,533,43604,29.01.2020
JOTUN,2007,13,43604,29.01.2020
JOTUN,2008,16,43604,29.01.2020
JOTUN,2009,8,43604,29.01.2020
JOTUN,2010,12,43604,29.01.2020
JOTUN,2011,-3,43604,29.01.2020
JOTUN,2012,5,43604,29.01.2020
JOTUN,2013,8,43604,29.01.2020
JOTUN,2014,26,43604,29.01.2020
JOTUN,2015,38,43604,29.01.2020
JOTUN,2016,-4,43604,29.01.2020
JOTUN,2017,0,43604,29.01.2020
JOTUN,2018,0,43604,29.01.2020
JOTUN,2019,0,43604,29.01.2020
JOTUN,2020,0,43604,29.01.2020
KNARR,2011,534,20460988,29.01.2020
KNARR,2012,1540,20460988,29.01.2020
KNARR,2013,4905,20460988,29.01.2020
KNARR,2014,5261,20460988,29.01.2020
KNARR,2015,1206,20460988,29.01.2020
KNARR,2016,0,20460988,29.01.2020
KNARR,2017,22,20460988,29.01.2020
KNARR,2018,27,20460988,29.01.2020
KNARR,2019,0,20460988,29.01.2020
KNARR,2020,0,20460988,29.01.2020
KNARR,2021,0,20460988,29.01.2020
KRISTIN,2001,158,1854729,29.01.2020
KRISTIN,2002,1668,1854729,29.01.2020
KRISTIN,2003,6312,1854729,29.01.2020
KRISTIN,2004,6571,1854729,29.01.2020
KRISTIN,2005,3965,1854729,29.01.2020
KRISTIN,2006,1594,1854729,29.01.2020
KRISTIN,2007,1737,1854729,29.01.2020
KRISTIN,2008,1175,1854729,29.01.2020
KRISTIN,2009,528,1854729,29.01.2020
KRISTIN,2010,496,1854729,29.01.2020
KRISTIN,2011,263,1854729,29.01.2020
KRISTIN,2012,508,1854729,29.01.2020
KRISTIN,2013,493,1854729,29.01.2020
KRISTIN,2014,267,1854729,29.01.2020
KRISTIN,2015,1500,1854729,29.01.2020
KRISTIN,2016,148,1854729,29.01.2020
KRISTIN,2017,41,1854729,29.01.2020
KRISTIN,2018,29,1854729,29.01.2020
KRISTIN,2019,0,1854729,29.01.2020
KRISTIN,2020,0,1854729,29.01.2020
KRISTIN,2021,0,1854729,29.01.2020
KRISTIN,2022,0,1854729,29.01.2020
KVITEBJØRN,2000,385,1036101,29.01.2020
KVITEBJØRN,2001,2524,1036101,29.01.2020
KVITEBJØRN,2002,2626,1036101,29.01.2020
KVITEBJØRN,2003,1710,1036101,29.01.2020
KVITEBJØRN,2004,1008,1036101,29.01.2020
KVITEBJØRN,2005,801,1036101,29.01.2020
KVITEBJØRN,2006,544,1036101,29.01.2020
KVITEBJØRN,2007,953,1036101,29.01.2020
KVITEBJØRN,2008,965,1036101,29.01.2020
KVITEBJØRN,2009,587,1036101,29.01.2020
KVITEBJØRN,2010,902,1036101,29.01.2020
KVITEBJØRN,2011,702,1036101,29.01.2020
KVITEBJØRN,2012,1236,1036101,29.01.2020
KVITEBJØRN,2013,2709,1036101,29.01.2020
KVITEBJØRN,2014,1002,1036101,29.01.2020
KVITEBJØRN,2015,333,1036101,29.01.2020
KVITEBJØRN,2016,853,1036101,29.01.2020
KVITEBJØRN,2017,572,1036101,29.01.2020
KVITEBJØRN,2018,495,1036101,29.01.2020
KVITEBJØRN,2019,0,1036101,29.01.2020
KVITEBJØRN,2020,0,1036101,29.01.2020
KVITEBJØRN,2021,0,1036101,29.01.2020
LILLE-FRIGG,1991,97,43583,29.01.2020
LILLE-FRIGG,1992,1238,43583,29.01.2020
LILLE-FRIGG,1993,1869,43583,29.01.2020
LILLE-FRIGG,1994,678,43583,29.01.2020
LILLE-FRIGG,1995,41,43583,29.01.2020
LILLE-FRIGG,1996,0,43583,29.01.2020
LILLE-FRIGG,1997,0,43583,29.01.2020
LILLE-FRIGG,1998,0,43583,29.01.2020
LILLE-FRIGG,1999,0,43583,29.01.2020
LILLE-FRIGG,2000,0,43583,29.01.2020
LILLE-FRIGG,2001,0,43583,29.01.2020
LILLE-FRIGG,2002,0,43583,29.01.2020
LILLE-FRIGG,2003,0,43583,29.01.2020
LILLE-FRIGG,2004,0,43583,29.01.2020
LILLE-FRIGG,2005,0,43583,29.01.2020
LILLE-FRIGG,2006,0,43583,29.01.2020
LILLE-FRIGG,2007,0,43583,29.01.2020
LILLE-FRIGG,2008,0,43583,29.01.2020
LILLE-FRIGG,2009,0,43583,29.01.2020
LILLE-FRIGG,2010,0,43583,29.01.2020
MARIA,2014,27,26465170,29.01.2020
MARIA,2015,1700,26465170,29.01.2020
MARIA,2016,4224,26465170,29.01.2020
MARIA,2017,5188,26465170,29.01.2020
MARIA,2018,773,26465170,29.01.2020
MARIA,2019,0,26465170,29.01.2020
MARIA,2020,0,26465170,29.01.2020
MARIA,2021,0,26465170,29.01.2020
MARIA,2022,0,26465170,29.01.2020
MARIA,2023,0,26465170,29.01.2020
MARTIN LINGE,2006,75,21675447,29.01.2020
MARTIN LINGE,2007,0,21675447,29.01.2020
MARTIN LINGE,2008,117,21675447,29.01.2020
MARTIN LINGE,2009,23,21675447,29.01.2020
MARTIN LINGE,2010,0,21675447,29.01.2020
MARTIN LINGE,2011,187,21675447,29.01.2020
MARTIN LINGE,2012,1362,21675447,29.01.2020
MARTIN LINGE,2013,2740,21675447,29.01.2020
MARTIN LINGE,2014,5594,21675447,29.01.2020
MARTIN LINGE,2015,7639,21675447,29.01.2020
MARTIN LINGE,2016,6452,21675447,29.01.2020
MARTIN LINGE,2017,5322,21675447,29.01.2020
MARTIN LINGE,2018,6469,21675447,29.01.2020
MARTIN LINGE,2019,0,21675447,29.01.2020
MARTIN LINGE,2020,0,21675447,29.01.2020
MARTIN LINGE,2021,0,21675447,29.01.2020
MARTIN LINGE,2022,0,21675447,29.01.2020
MARTIN LINGE,2023,0,21675447,29.01.2020
MARULK,2009,38,18212090,29.01.2020
MARULK,2010,410,18212090,29.01.2020
MARULK,2011,1725,18212090,29.01.2020
MARULK,2012,1347,18212090,29.01.2020
MARULK,2013,0,18212090,29.01.2020
MARULK,2014,0,18212090,29.01.2020
MARULK,2015,6,18212090,29.01.2020
MARULK,2016,5,18212090,29.01.2020
MARULK,2017,0,18212090,29.01.2020
MARULK,2018,33,18212090,29.01.2020
MARULK,2019,0,18212090,29.01.2020
MARULK,2020,0,18212090,29.01.2020
MARULK,2021,0,18212090,29.01.2020
MARULK,2022,0,18212090,29.01.2020
MARULK,2023,0,18212090,29.01.2020
MIKKEL,2001,339,1630514,29.01.2020
MIKKEL,2002,1038,1630514,29.01.2020
MIKKEL,2003,407,1630514,29.01.2020
MIKKEL,2004,-1,1630514,29.01.2020
MIKKEL,2005,19,1630514,29.01.2020
MIKKEL,2006,6,1630514,29.01.2020
MIKKEL,2007,29,1630514,29.01.2020
MIKKEL,2008,14,1630514,29.01.2020
MIKKEL,2009,10,1630514,29.01.2020
MIKKEL,2010,23,1630514,29.01.2020
MIKKEL,2011,297,1630514,29.01.2020
MIKKEL,2012,1398,1630514,29.01.2020
MIKKEL,2013,1320,1630514,29.01.2020
MIKKEL,2014,1128,1630514,29.01.2020
MIKKEL,2015,523,1630514,29.01.2020
MIKKEL,2016,37,1630514,29.01.2020
MIKKEL,2017,10,1630514,29.01.2020
MIKKEL,2018,7,1630514,29.01.2020
MIKKEL,2019,0,1630514,29.01.2020
MIKKEL,2020,0,1630514,29.01.2020
MIKKEL,2021,0,1630514,29.01.2020
MIKKEL,2022,0,1630514,29.01.2020
MIKKEL,2023,0,1630514,29.01.2020
MIME,1989,60,43792,29.01.2020
MIME,1990,264,43792,29.01.2020
MIME,1991,0,43792,29.01.2020
MIME,1992,0,43792,29.01.2020
MIME,1993,-1,43792,29.01.2020
MIME,1994,0,43792,29.01.2020
MORVIN,2007,409,4966234,29.01.2020
MORVIN,2008,1707,4966234,29.01.2020
MORVIN,2009,1843,4966234,29.01.2020
MORVIN,2010,3429,4966234,29.01.2020
MORVIN,2011,606,4966234,29.01.2020
MORVIN,2012,-31,4966234,29.01.2020
MORVIN,2013,0,4966234,29.01.2020
MORVIN,2014,-2,4966234,29.01.2020
MORVIN,2015,0,4966234,29.01.2020
MORVIN,2016,1,4966234,29.01.2020
MORVIN,2017,9,4966234,29.01.2020
MORVIN,2018,18,4966234,29.01.2020
MORVIN,2019,0,4966234,29.01.2020
MORVIN,2020,0,4966234,29.01.2020
MURCHISON,1974,22,43665,29.01.2020
MURCHISON,1975,57,43665,29.01.2020
MURCHISON,1976,282,43665,29.01.2020
MURCHISON,1977,399,43665,29.01.2020
MURCHISON,1978,312,43665,29.01.2020
MURCHISON,1979,161,43665,29.01.2020
MURCHISON,1980,149,43665,29.01.2020
MURCHISON,1981,22,43665,29.01.2020
MURCHISON,1982,108,43665,29.01.2020
MURCHISON,1983,175,43665,29.01.2020
MURCHISON,1984,48,43665,29.01.2020
MURCHISON,1985,19,43665,29.01.2020
MURCHISON,1986,42,43665,29.01.2020
MURCHISON,1987,29,43665,29.01.2020
MURCHISON,1988,19,43665,29.01.2020
MURCHISON,1989,54,43665,29.01.2020
MURCHISON,1990,66,43665,29.01.2020
MURCHISON,1991,38,43665,29.01.2020
MURCHISON,1992,4,43665,29.01.2020
MURCHISON,1993,3,43665,29.01.2020
MURCHISON,1994,1,43665,29.01.2020
MURCHISON,1995,4,43665,29.01.2020
MURCHISON,1996,26,43665,29.01.2020
MURCHISON,1997,39,43665,29.01.2020
MURCHISON,1998,30,43665,29.01.2020
MURCHISON,1999,42,43665,29.01.2020
MURCHISON,2000,47,43665,29.01.2020
MURCHISON,2001,57,43665,29.01.2020
MURCHISON,2002,33,43665,29.01.2020
MURCHISON,2003,66,43665,29.01.2020
MURCHISON,2004,75,43665,29.01.2020
MURCHISON,2005,36,43665,29.01.2020
MURCHISON,2006,17,43665,29.01.2020
MURCHISON,2007,30,43665,29.01.2020
MURCHISON,2008,17,43665,29.01.2020
MURCHISON,2009,0,43665,29.01.2020
MURCHISON,2010,38,43665,29.01.2020
MURCHISON,2011,30,43665,29.01.2020
MURCHISON,2012,20,43665,29.01.2020
MURCHISON,2013,0,43665,29.01.2020
MURCHISON,2014,0,43665,29.01.2020
MURCHISON,2015,0,43665,29.01.2020
MURCHISON,2016,0,43665,29.01.2020
MURCHISON,2017,0,43665,29.01.2020
MURCHISON,2018,0,43665,29.01.2020
NJORD,1995,829,43751,29.01.2020
NJORD,1996,2887,43751,29.01.2020
NJORD,1997,2052,43751,29.01.2020
NJORD,1998,635,43751,29.01.2020
NJORD,1999,1006,43751,29.01.2020
NJORD,2000,621,43751,29.01.2020
NJORD,2001,34,43751,29.01.2020
NJORD,2002,121,43751,29.01.2020
NJORD,2003,610,43751,29.01.2020
NJORD,2004,32,43751,29.01.2020
NJORD,2005,499,43751,29.01.2020
NJORD,2006,788,43751,29.01.2020
NJORD,2007,846,43751,29.01.2020
NJORD,2008,846,43751,29.01.2020
NJORD,2009,694,43751,29.01.2020
NJORD,2010,1135,43751,29.01.2020
NJORD,2011,1253,43751,29.01.2020
NJORD,2012,1398,43751,29.01.2020
NJORD,2013,968,43751,29.01.2020
NJORD,2014,465,43751,29.01.2020
NJORD,2015,39,43751,29.01.2020
NJORD,2016,667,43751,29.01.2020
NJORD,2017,2351,43751,29.01.2020
NJORD,2018,3727,43751,29.01.2020
NJORD,2019,0,43751,29.01.2020
NJORD,2020,0,43751,29.01.2020
NJORD,2021,0,43751,29.01.2020
NORDØST FRIGG,1982,1143,43568,29.01.2020
NORDØST FRIGG,1983,613,43568,29.01.2020
NORDØST FRIGG,1984,58,43568,29.01.2020
NORDØST FRIGG,1985,2,43568,29.01.2020
NORDØST FRIGG,1986,0,43568,29.01.2020
NORDØST FRIGG,1987,0,43568,29.01.2020
NORDØST FRIGG,1988,0,43568,29.01.2020
NORDØST FRIGG,1989,0,43568,29.01.2020
NORDØST FRIGG,1990,0,43568,29.01.2020
NORDØST FRIGG,1991,0,43568,29.01.2020
NORDØST FRIGG,1992,0,43568,29.01.2020
NORDØST FRIGG,1993,0,43568,29.01.2020
NORDØST FRIGG,1994,0,43568,29.01.2020
NORDØST FRIGG,1995,0,43568,29.01.2020
NORDØST FRIGG,1996,0,43568,29.01.2020
NORDØST FRIGG,1997,0,43568,29.01.2020
NORDØST FRIGG,1998,0,43568,29.01.2020
NORDØST FRIGG,1999,0,43568,29.01.2020
NORDØST FRIGG,2000,0,43568,29.01.2020
NORNE,1994,277,43778,29.01.2020
NORNE,1995,3024,43778,29.01.2020
NORNE,1996,2450,43778,29.01.2020
NORNE,1997,1992,43778,29.01.2020
NORNE,1998,816,43778,29.01.2020
NORNE,1999,939,43778,29.01.2020
NORNE,2000,1088,43778,29.01.2020
NORNE,2001,998,43778,29.01.2020
NORNE,2002,610,43778,29.01.2020
NORNE,2003,1099,43778,29.01.2020
NORNE,2004,424,43778,29.01.2020
NORNE,2005,1419,43778,29.01.2020
NORNE,2006,1142,43778,29.01.2020
NORNE,2007,1335,43778,29.01.2020
NORNE,2008,1277,43778,29.01.2020
NORNE,2009,1869,43778,29.01.2020
NORNE,2010,2008,43778,29.01.2020
NORNE,2011,1039,43778,29.01.2020
NORNE,2012,345,43778,29.01.2020
NORNE,2013,764,43778,29.01.2020
NORNE,2014,736,43778,29.01.2020
NORNE,2015,97,43778,29.01.2020
NORNE,2016,343,43778,29.01.2020
NORNE,2017,633,43778,29.01.2020
NORNE,2018,232,43778,29.01.2020
NORNE,2019,0,43778,29.01.2020
NORNE,2020,0,43778,29.01.2020
NORNE,2021,0,43778,29.01.2020
NORNE,2022,0,43778,29.01.2020
NORNE,2023,0,43778,29.01.2020
NOVA,2018,1259,33197696,29.01.2020
NOVA,2019,0,33197696,29.01.2020
NOVA,2020,0,33197696,29.01.2020
NOVA,2021,0,33197696,29.01.2020
NOVA,2022,0,33197696,29.01.2020
NOVA,2023,0,33197696,29.01.2020
ODA,2016,27,29412516,29.01.2020
ODA,2017,1137,29412516,29.01.2020
ODA,2018,3099,29412516,29.01.2020
ODA,2019,0,29412516,29.01.2020
ODA,2020,0,29412516,29.01.2020
ODA,2021,0,29412516,29.01.2020
ODA,2022,0,29412516,29.01.2020
ODA,2023,0,29412516,29.01.2020
ODIN,1978,12,43610,29.01.2020
ODIN,1979,12,43610,29.01.2020
ODIN,1980,18,43610,29.01.2020
ODIN,1981,209,43610,29.01.2020
ODIN,1982,896,43610,29.01.2020
ODIN,1983,982,43610,29.01.2020
ODIN,1984,394,43610,29.01.2020
ODIN,1985,78,43610,29.01.2020
ODIN,1986,2,43610,29.01.2020
ODIN,1987,2,43610,29.01.2020
ODIN,1988,2,43610,29.01.2020
ODIN,1989,2,43610,29.01.2020
ODIN,1990,1,43610,29.01.2020
ODIN,1991,1,43610,29.01.2020
ODIN,1992,2,43610,29.01.2020
ODIN,1993,1,43610,29.01.2020
ODIN,1994,0,43610,29.01.2020
ODIN,1995,0,43610,29.01.2020
ODIN,1996,0,43610,29.01.2020
ODIN,1997,0,43610,29.01.2020
ODIN,1998,0,43610,29.01.2020
ODIN,1999,0,43610,29.01.2020
ODIN,2000,0,43610,29.01.2020
ORMEN LANGE,2003,7,2762452,29.01.2020
ORMEN LANGE,2004,1696,2762452,29.01.2020
ORMEN LANGE,2005,4303,2762452,29.01.2020
ORMEN LANGE,2006,4879,2762452,29.01.2020
ORMEN LANGE,2007,4202,2762452,29.01.2020
ORMEN LANGE,2008,4673,2762452,29.01.2020
ORMEN LANGE,2009,6671,2762452,29.01.2020
ORMEN LANGE,2010,4194,2762452,29.01.2020
ORMEN LANGE,2011,4820,2762452,29.01.2020
ORMEN LANGE,2012,4259,2762452,29.01.2020
ORMEN LANGE,2013,2078,2762452,29.01.2020
ORMEN LANGE,2014,2807,2762452,29.01.2020
ORMEN LANGE,2015,4287,2762452,29.01.2020
ORMEN LANGE,2016,1677,2762452,29.01.2020
ORMEN LANGE,2017,590,2762452,29.01.2020
ORMEN LANGE,2018,140,2762452,29.01.2020
ORMEN LANGE,2019,0,2762452,29.01.2020
ORMEN LANGE,2020,0,2762452,29.01.2020
ORMEN LANGE,2021,0,2762452,29.01.2020
OSEBERG,1983,112,43625,29.01.2020
OSEBERG,1984,779,43625,29.01.2020
OSEBERG,1985,3411,43625,29.01.2020
OSEBERG,1986,6749,43625,29.01.2020
OSEBERG,1987,5662,43625,29.01.2020
OSEBERG,1988,4777,43625,29.01.2020
OSEBERG,1989,4500,43625,29.01.2020
OSEBERG,1990,3943,43625,29.01.2020
OSEBERG,1991,3060,43625,29.01.2020
OSEBERG,1992,1089,43625,29.01.2020
OSEBERG,1993,1086,43625,29.01.2020
OSEBERG,1994,958,43625,29.01.2020
OSEBERG,1995,912,43625,29.01.2020
OSEBERG,1996,867,43625,29.01.2020
OSEBERG,1997,1489,43625,29.01.2020
OSEBERG,1998,1933,43625,29.01.2020
OSEBERG,1999,1785,43625,29.01.2020
OSEBERG,2000,554,43625,29.01.2020
OSEBERG,2001,568,43625,29.01.2020
OSEBERG,2002,1322,43625,29.01.2020
OSEBERG,2003,992,43625,29.01.2020
OSEBERG,2004,829,43625,29.01.2020
OSEBERG,2005,2348,43625,29.01.2020
OSEBERG,2006,2739,43625,29.01.2020
OSEBERG,2007,2605,43625,29.01.2020
OSEBERG,2008,2880,43625,29.01.2020
OSEBERG,2009,2826,43625,29.01.2020
OSEBERG,2010,3044,43625,29.01.2020
OSEBERG,2011,2803,43625,29.01.2020
OSEBERG,2012,2435,43625,29.01.2020
OSEBERG,2013,4199,43625,29.01.2020
OSEBERG,2014,4899,43625,29.01.2020
OSEBERG,2015,5585,43625,29.01.2020
OSEBERG,2016,4958,43625,29.01.2020
OSEBERG,2017,5551,43625,29.01.2020
OSEBERG,2018,3869,43625,29.01.2020
OSEBERG,2019,0,43625,29.01.2020
OSEBERG,2020,0,43625,29.01.2020
OSEBERG,2021,0,43625,29.01.2020
OSEBERG,2022,0,43625,29.01.2020
OSEBERG,2023,0,43625,29.01.2020
OSEBERG SØR,1995,0,43645,29.01.2020
OSEBERG SØR,1996,0,43645,29.01.2020
OSEBERG SØR,1997,214,43645,29.01.2020
OSEBERG SØR,1998,1968,43645,29.01.2020
OSEBERG SØR,1999,3470,43645,29.01.2020
OSEBERG SØR,2000,2320,43645,29.01.2020
OSEBERG SØR,2001,879,43645,29.01.2020
OSEBERG SØR,2002,539,43645,29.01.2020
OSEBERG SØR,2003,802,43645,29.01.2020
OSEBERG SØR,2004,1851,43645,29.01.2020
OSEBERG SØR,2005,1565,43645,29.01.2020
OSEBERG SØR,2006,1258,43645,29.01.2020
OSEBERG SØR,2007,572,43645,29.01.2020
OSEBERG SØR,2008,988,43645,29.01.2020
OSEBERG SØR,2009,1331,43645,29.01.2020
OSEBERG SØR,2010,955,43645,29.01.2020
OSEBERG SØR,2011,1396,43645,29.01.2020
OSEBERG SØR,2012,2429,43645,29.01.2020
OSEBERG SØR,2013,3534,43645,29.01.2020
OSEBERG SØR,2014,1385,43645,29.01.2020
OSEBERG SØR,2015,1390,43645,29.01.2020
OSEBERG SØR,2016,1431,43645,29.01.2020
OSEBERG SØR,2017,1232,43645,29.01.2020
OSEBERG SØR,2018,1009,43645,29.01.2020
OSEBERG SØR,2019,0,43645,29.01.2020
OSEBERG SØR,2020,0,43645,29.01.2020
OSEBERG SØR,2021,0,43645,29.01.2020
OSEBERG SØR,2022,0,43645,29.01.2020
OSEBERG SØR,2023,0,43645,29.01.2020
OSEBERG ØST,1996,158,43639,29.01.2020
OSEBERG ØST,1997,1651,43639,29.01.2020
OSEBERG ØST,1998,1356,43639,29.01.2020
OSEBERG ØST,1999,636,43639,29.01.2020
OSEBERG ØST,2000,787,43639,29.01.2020
OSEBERG ØST,2001,710,43639,29.01.2020
OSEBERG ØST,2002,514,43639,29.01.2020
OSEBERG ØST,2003,84,43639,29.01.2020
OSEBERG ØST,2004,112,43639,29.01.2020
OSEBERG ØST,2005,442,43639,29.01.2020
OSEBERG ØST,2006,582,43639,29.01.2020
OSEBERG ØST,2007,390,43639,29.01.2020
OSEBERG ØST,2008,430,43639,29.01.2020
OSEBERG ØST,2009,126,43639,29.01.2020
OSEBERG ØST,2010,160,43639,29.01.2020
OSEBERG ØST,2011,689,43639,29.01.2020
OSEBERG ØST,2012,250,43639,29.01.2020
OSEBERG ØST,2013,487,43639,29.01.2020
OSEBERG ØST,2014,446,43639,29.01.2020
OSEBERG ØST,2015,507,43639,29.01.2020
OSEBERG ØST,2016,2073,43639,29.01.2020
OSEBERG ØST,2017,2457,43639,29.01.2020
OSEBERG ØST,2018,1297,43639,29.01.2020
OSEBERG ØST,2019,0,43639,29.01.2020
OSEBERG ØST,2020,0,43639,29.01.2020
OSEBERG ØST,2021,0,43639,29.01.2020
OSEBERG ØST,2022,0,43639,29.01.2020
OSEBERG ØST,2023,0,43639,29.01.2020
OSELVAR,2009,502,5506919,29.01.2020
OSELVAR,2010,1181,5506919,29.01.2020
OSELVAR,2011,1852,5506919,29.01.2020
OSELVAR,2012,898,5506919,29.01.2020
OSELVAR,2013,0,5506919,29.01.2020
OSELVAR,2014,0,5506919,29.01.2020
OSELVAR,2015,0,5506919,29.01.2020
OSELVAR,2016,0,5506919,29.01.2020
OSELVAR,2017,0,5506919,29.01.2020
OSELVAR,2018,0,5506919,29.01.2020
OSELVAR,2019,0,5506919,29.01.2020
OSELVAR,2020,0,5506919,29.01.2020
REV,2001,0,4467554,29.01.2020
REV,2002,0,4467554,29.01.2020
REV,2003,0,4467554,29.01.2020
REV,2004,0,4467554,29.01.2020
REV,2005,0,4467554,29.01.2020
REV,2006,524,4467554,29.01.2020
REV,2007,1457,4467554,29.01.2020
REV,2008,1600,4467554,29.01.2020
REV,2009,232,4467554,29.01.2020
REV,2010,18,4467554,29.01.2020
REV,2011,0,4467554,29.01.2020
REV,2012,540,4467554,29.01.2020
REV,2013,7,4467554,29.01.2020
REV,2014,0,4467554,29.01.2020
REV,2015,0,4467554,29.01.2020
REV,2016,0,4467554,29.01.2020
REV,2017,0,4467554,29.01.2020
REV,2018,0,4467554,29.01.2020
REV,2019,0,4467554,29.01.2020
REV,2020,0,4467554,29.01.2020
RINGHORNE ØST,2005,90,3505505,29.01.2020
RINGHORNE ØST,2006,395,3505505,29.01.2020
RINGHORNE ØST,2007,29,3505505,29.01.2020
RINGHORNE ØST,2008,1,3505505,29.01.2020
RINGHORNE ØST,2009,25,3505505,29.01.2020
RINGHORNE ØST,2010,142,3505505,29.01.2020
RINGHORNE ØST,2011,56,3505505,29.01.2020
RINGHORNE ØST,2012,272,3505505,29.01.2020
RINGHORNE ØST,2013,8,3505505,29.01.2020
RINGHORNE ØST,2014,-29,3505505,29.01.2020
RINGHORNE ØST,2015,2,3505505,29.01.2020
RINGHORNE ØST,2016,2,3505505,29.01.2020
RINGHORNE ØST,2017,0,3505505,29.01.2020
RINGHORNE ØST,2018,0,3505505,29.01.2020
RINGHORNE ØST,2019,0,3505505,29.01.2020
RINGHORNE ØST,2020,0,3505505,29.01.2020
SIGYN,2000,5,1630100,29.01.2020
SIGYN,2001,421,1630100,29.01.2020
SIGYN,2002,1605,1630100,29.01.2020
SIGYN,2003,-17,1630100,29.01.2020
SIGYN,2004,21,1630100,29.01.2020
SIGYN,2005,8,1630100,29.01.2020
SIGYN,2006,4,1630100,29.01.2020
SIGYN,2007,1,1630100,29.01.2020
SIGYN,2008,1,1630100,29.01.2020
SIGYN,2009,0,1630100,29.01.2020
SIGYN,2010,0,1630100,29.01.2020
SIGYN,2011,0,1630100,29.01.2020
SIGYN,2012,0,1630100,29.01.2020
SIGYN,2013,0,1630100,29.01.2020
SIGYN,2014,0,1630100,29.01.2020
SIGYN,2015,44,1630100,29.01.2020
SIGYN,2016,880,1630100,29.01.2020
SIGYN,2017,12,1630100,29.01.2020
SIGYN,2018,-7,1630100,29.01.2020
SIGYN,2019,0,1630100,29.01.2020
SINDRE,2017,328,29401178,29.01.2020
SINDRE,2018,0,29401178,29.01.2020
SINDRE,2019,0,29401178,29.01.2020
SINDRE,2020,0,29401178,29.01.2020
SKARV,2006,0,4704482,29.01.2020
SKARV,2007,1537,4704482,29.01.2020
SKARV,2008,6915,4704482,29.01.2020
SKARV,2009,11925,4704482,29.01.2020
SKARV,2010,7826,4704482,29.01.2020
SKARV,2011,8916,4704482,29.01.2020
SKARV,2012,5371,4704482,29.01.2020
SKARV,2013,3521,4704482,29.01.2020
SKARV,2014,329,4704482,29.01.2020
SKARV,2015,146,4704482,29.01.2020
SKARV,2016,33,4704482,29.01.2020
SKARV,2017,0,4704482,29.01.2020
SKARV,2018,19,4704482,29.01.2020
SKARV,2019,0,4704482,29.01.2020
SKARV,2020,0,4704482,29.01.2020
SKARV,2021,0,4704482,29.01.2020
SKARV,2022,0,4704482,29.01.2020
SKARV,2023,0,4704482,29.01.2020
SKIRNE,2001,16,2138816,29.01.2020
SKIRNE,2002,407,2138816,29.01.2020
SKIRNE,2003,1237,2138816,29.01.2020
SKIRNE,2004,307,2138816,29.01.2020
SKIRNE,2005,225,2138816,29.01.2020
SKIRNE,2006,21,2138816,29.01.2020
SKIRNE,2007,110,2138816,29.01.2020
SKIRNE,2008,201,2138816,29.01.2020
SKIRNE,2009,124,2138816,29.01.2020
SKIRNE,2010,35,2138816,29.01.2020
SKIRNE,2011,2,2138816,29.01.2020
SKIRNE,2012,11,2138816,29.01.2020
SKIRNE,2013,0,2138816,29.01.2020
SKIRNE,2014,0,2138816,29.01.2020
SKIRNE,2015,0,2138816,29.01.2020
SKIRNE,2016,3,2138816,29.01.2020
SKIRNE,2017,-1,2138816,29.01.2020
SKIRNE,2018,5,2138816,29.01.2020
SKIRNE,2019,0,2138816,29.01.2020
SKIRNE,2020,0,2138816,29.01.2020
SKIRNE,2021,0,2138816,29.01.2020
SKIRNE,2022,0,2138816,29.01.2020
SKIRNE,2023,0,2138816,29.01.2020
SKOGUL,2017,34,31164600,29.01.2020
SKOGUL,2018,433,31164600,29.01.2020
SKOGUL,2019,0,31164600,29.01.2020
SKOGUL,2020,0,31164600,29.01.2020
SKULD,2011,1434,21350124,29.01.2020
SKULD,2012,4568,21350124,29.01.2020
SKULD,2013,3191,21350124,29.01.2020
SKULD,2014,332,21350124,29.01.2020
SKULD,2015,53,21350124,29.01.2020
SKULD,2016,701,21350124,29.01.2020
SKULD,2017,53,21350124,29.01.2020
SKULD,2018,19,21350124,29.01.2020
SKULD,2019,0,21350124,29.01.2020
SKULD,2020,0,21350124,29.01.2020
SLEIPNER VEST,1991,15,43457,29.01.2020
SLEIPNER VEST,1992,282,43457,29.01.2020
SLEIPNER VEST,1993,955,43457,29.01.2020
SLEIPNER VEST,1994,3418,43457,29.01.2020
SLEIPNER VEST,1995,3836,43457,29.01.2020
SLEIPNER VEST,1996,2725,43457,29.01.2020
SLEIPNER VEST,1997,758,43457,29.01.2020
SLEIPNER VEST,1998,659,43457,29.01.2020
SLEIPNER VEST,1999,552,43457,29.01.2020
SLEIPNER VEST,2000,752,43457,29.01.2020
SLEIPNER VEST,2001,391,43457,29.01.2020
SLEIPNER VEST,2002,676,43457,29.01.2020
SLEIPNER VEST,2003,1299,43457,29.01.2020
SLEIPNER VEST,2004,1499,43457,29.01.2020
SLEIPNER VEST,2005,64,43457,29.01.2020
SLEIPNER VEST,2006,219,43457,29.01.2020
SLEIPNER VEST,2007,679,43457,29.01.2020
SLEIPNER VEST,2008,1526,43457,29.01.2020
SLEIPNER VEST,2009,905,43457,29.01.2020
SLEIPNER VEST,2010,1528,43457,29.01.2020
SLEIPNER VEST,2011,438,43457,29.01.2020
SLEIPNER VEST,2012,146,43457,29.01.2020
SLEIPNER VEST,2013,125,43457,29.01.2020
SLEIPNER VEST,2014,146,43457,29.01.2020
SLEIPNER VEST,2015,154,43457,29.01.2020
SLEIPNER VEST,2016,154,43457,29.01.2020
SLEIPNER VEST,2017,612,43457,29.01.2020
SLEIPNER VEST,2018,334,43457,29.01.2020
SLEIPNER VEST,2019,0,43457,29.01.2020
SLEIPNER VEST,2020,0,43457,29.01.2020
SLEIPNER VEST,2021,0,43457,29.01.2020
SLEIPNER VEST,2022,0,43457,29.01.2020
SLEIPNER VEST,2023,0,43457,29.01.2020
SLEIPNER ØST,1987,73,43478,29.01.2020
SLEIPNER ØST,1988,538,43478,29.01.2020
SLEIPNER ØST,1989,1757,43478,29.01.2020
SLEIPNER ØST,1990,3670,43478,29.01.2020
SLEIPNER ØST,1991,4718,43478,29.01.2020
SLEIPNER ØST,1992,6571,43478,29.01.2020
SLEIPNER ØST,1993,3835,43478,29.01.2020
SLEIPNER ØST,1994,484,43478,29.01.2020
SLEIPNER ØST,1995,284,43478,29.01.2020
SLEIPNER ØST,1996,147,43478,29.01.2020
SLEIPNER ØST,1997,23,43478,29.01.2020
SLEIPNER ØST,1998,214,43478,29.01.2020
SLEIPNER ØST,1999,162,43478,29.01.2020
SLEIPNER ØST,2000,356,43478,29.01.2020
SLEIPNER ØST,2001,290,43478,29.01.2020
SLEIPNER ØST,2002,311,43478,29.01.2020
SLEIPNER ØST,2003,65,43478,29.01.2020
SLEIPNER ØST,2004,198,43478,29.01.2020
SLEIPNER ØST,2005,297,43478,29.01.2020
SLEIPNER ØST,2006,323,43478,29.01.2020
SLEIPNER ØST,2007,503,43478,29.01.2020
SLEIPNER ØST,2008,961,43478,29.01.2020
SLEIPNER ØST,2009,562,43478,29.01.2020
SLEIPNER ØST,2010,213,43478,29.01.2020
SLEIPNER ØST,2011,201,43478,29.01.2020
SLEIPNER ØST,2012,406,43478,29.01.2020
SLEIPNER ØST,2013,488,43478,29.01.2020
SLEIPNER ØST,2014,406,43478,29.01.2020
SLEIPNER ØST,2015,344,43478,29.01.2020
SLEIPNER ØST,2016,219,43478,29.01.2020
SLEIPNER ØST,2017,90,43478,29.01.2020
SLEIPNER ØST,2018,56,43478,29.01.2020
SLEIPNER ØST,2019,0,43478,29.01.2020
SLEIPNER ØST,2020,0,43478,29.01.2020
SLEIPNER ØST,2021,0,43478,29.01.2020
SLEIPNER ØST,2022,0,43478,29.01.2020
SLEIPNER ØST,2023,0,43478,29.01.2020
SNORRE,1988,995,43718,29.01.2020
SNORRE,1989,2953,43718,29.01.2020
SNORRE,1990,6210,43718,29.01.2020
SNORRE,1991,5780,43718,29.01.2020
SNORRE,1992,3560,43718,29.01.2020
SNORRE,1993,1513,43718,29.01.2020
SNORRE,1994,853,43718,29.01.2020
SNORRE,1995,816,43718,29.01.2020
SNORRE,1996,941,43718,29.01.2020
SNORRE,1997,620,43718,29.01.2020
SNORRE,1998,1249,43718,29.01.2020
SNORRE,1999,5611,43718,29.01.2020
SNORRE,2000,5796,43718,29.01.2020
SNORRE,2001,2962,43718,29.01.2020
SNORRE,2002,2243,43718,29.01.2020
SNORRE,2003,1685,43718,29.01.2020
SNORRE,2004,1705,43718,29.01.2020
SNORRE,2005,1554,43718,29.01.2020
SNORRE,2006,1724,43718,29.01.2020
SNORRE,2007,3170,43718,29.01.2020
SNORRE,2008,2928,43718,29.01.2020
SNORRE,2009,3714,43718,29.01.2020
SNORRE,2010,3905,43718,29.01.2020
SNORRE,2011,2988,43718,29.01.2020
SNORRE,2012,2788,43718,29.01.2020
SNORRE,2013,4582,43718,29.01.2020
SNORRE,2014,5255,43718,29.01.2020
SNORRE,2015,3209,43718,29.01.2020
SNORRE,2016,2601,43718,29.01.2020
SNORRE,2017,2827,43718,29.01.2020
SNORRE,2018,4590,43718,29.01.2020
SNORRE,2019,0,43718,29.01.2020
SNORRE,2020,0,43718,29.01.2020
SNORRE,2021,0,43718,29.01.2020
SNORRE,2022,0,43718,29.01.2020
SNORRE,2023,0,43718,29.01.2020
SNØHVIT,2002,201,2053062,29.01.2020
SNØHVIT,2003,902,2053062,29.01.2020
SNØHVIT,2004,2371,2053062,29.01.2020
SNØHVIT,2005,3093,2053062,29.01.2020
SNØHVIT,2006,1113,2053062,29.01.2020
SNØHVIT,2007,237,2053062,29.01.2020
SNØHVIT,2008,27,2053062,29.01.2020
SNØHVIT,2009,58,2053062,29.01.2020
SNØHVIT,2010,100,2053062,29.01.2020
SNØHVIT,2011,133,2053062,29.01.2020
SNØHVIT,2012,128,2053062,29.01.2020
SNØHVIT,2013,523,2053062,29.01.2020
SNØHVIT,2014,1204,2053062,29.01.2020
SNØHVIT,2015,1260,2053062,29.01.2020
SNØHVIT,2016,1196,2053062,29.01.2020
SNØHVIT,2017,612,2053062,29.01.2020
SNØHVIT,2018,1248,2053062,29.01.2020
SNØHVIT,2019,0,2053062,29.01.2020
SNØHVIT,2020,0,2053062,29.01.2020
SNØHVIT,2021,0,2053062,29.01.2020
SOLVEIG,2018,13,34833011,29.01.2020
SOLVEIG,2019,0,34833011,29.01.2020
SOLVEIG,2020,0,34833011,29.01.2020
SOLVEIG,2021,0,34833011,29.01.2020
SOLVEIG,2022,0,34833011,29.01.2020
SOLVEIG,2023,0,34833011,29.01.2020
STATFJORD,1974,85,43658,29.01.2020
STATFJORD,1975,627,43658,29.01.2020
STATFJORD,1976,1450,43658,29.01.2020
STATFJORD,1977,1621,43658,29.01.2020
STATFJORD,1978,2379,43658,29.01.2020
STATFJORD,1979,3289,43658,29.01.2020
STATFJORD,1980,3037,43658,29.01.2020
STATFJORD,1981,3590,43658,29.01.2020
STATFJORD,1982,5375,43658,29.01.2020
STATFJORD,1983,4015,43658,29.01.2020
STATFJORD,1984,3192,43658,29.01.2020
STATFJORD,1985,1929,43658,29.01.2020
STATFJORD,1986,869,43658,29.01.2020
STATFJORD,1987,307,43658,29.01.2020
STATFJORD,1988,299,43658,29.01.2020
STATFJORD,1989,310,43658,29.01.2020
STATFJORD,1990,406,43658,29.01.2020
STATFJORD,1991,764,43658,29.01.2020
STATFJORD,1992,820,43658,29.01.2020
STATFJORD,1993,445,43658,29.01.2020
STATFJORD,1994,409,43658,29.01.2020
STATFJORD,1995,604,43658,29.01.2020
STATFJORD,1996,710,43658,29.01.2020
STATFJORD,1997,914,43658,29.01.2020
STATFJORD,1998,1742,43658,29.01.2020
STATFJORD,1999,1595,43658,29.01.2020
STATFJORD,2000,966,43658,29.01.2020
STATFJORD,2001,1162,43658,29.01.2020
STATFJORD,2002,1229,43658,29.01.2020
STATFJORD,2003,1214,43658,29.01.2020
STATFJORD,2004,1488,43658,29.01.2020
STATFJORD,2005,1892,43658,29.01.2020
STATFJORD,2006,2869,43658,29.01.2020
STATFJORD,2007,2757,43658,29.01.2020
STATFJORD,2008,3228,43658,29.01.2020
STATFJORD,2009,3009,43658,29.01.2020
STATFJORD,2010,2841,43658,29.01.2020
STATFJORD,2011,1826,43658,29.01.2020
STATFJORD,2012,2075,43658,29.01.2020
STATFJORD,2013,2776,43658,29.01.2020
STATFJORD,2014,2553,43658,29.01.2020
STATFJORD,2015,1675,43658,29.01.2020
STATFJORD,2016,1295,43658,29.01.2020
STATFJORD,2017,1251,43658,29.01.2020
STATFJORD,2018,941,43658,29.01.2020
STATFJORD,2019,0,43658,29.01.2020
STATFJORD,2020,0,43658,29.01.2020
STATFJORD,2021,0,43658,29.01.2020
STATFJORD NORD,1990,41,43679,29.01.2020
STATFJORD NORD,1991,355,43679,29.01.2020
STATFJORD NORD,1992,1173,43679,29.01.2020
STATFJORD NORD,1993,1076,43679,29.01.2020
STATFJORD NORD,1994,528,43679,29.01.2020
STATFJORD NORD,1995,378,43679,29.01.2020
STATFJORD NORD,1996,222,43679,29.01.2020
STATFJORD NORD,1997,255,43679,29.01.2020
STATFJORD NORD,1998,241,43679,29.01.2020
STATFJORD NORD,1999,478,43679,29.01.2020
STATFJORD NORD,2000,98,43679,29.01.2020
STATFJORD NORD,2001,149,43679,29.01.2020
STATFJORD NORD,2002,109,43679,29.01.2020
STATFJORD NORD,2003,364,43679,29.01.2020
STATFJORD NORD,2004,24,43679,29.01.2020
STATFJORD NORD,2005,25,43679,29.01.2020
STATFJORD NORD,2006,66,43679,29.01.2020
STATFJORD NORD,2007,57,43679,29.01.2020
STATFJORD NORD,2008,30,43679,29.01.2020
STATFJORD NORD,2009,21,43679,29.01.2020
STATFJORD NORD,2010,19,43679,29.01.2020
STATFJORD NORD,2011,10,43679,29.01.2020
STATFJORD NORD,2012,5,43679,29.01.2020
STATFJORD NORD,2013,6,43679,29.01.2020
STATFJORD NORD,2014,126,43679,29.01.2020
STATFJORD NORD,2015,456,43679,29.01.2020
STATFJORD NORD,2016,844,43679,29.01.2020
STATFJORD NORD,2017,103,43679,29.01.2020
STATFJORD NORD,2018,190,43679,29.01.2020
STATFJORD NORD,2019,0,43679,29.01.2020
STATFJORD NORD,2020,0,43679,29.01.2020
STATFJORD ØST,1990,40,43672,29.01.2020
STATFJORD ØST,1991,266,43672,29.01.2020
STATFJORD ØST,1992,960,43672,29.01.2020
STATFJORD ØST,1993,1283,43672,29.01.2020
STATFJORD ØST,1994,686,43672,29.01.2020
STATFJORD ØST,1995,13,43672,29.01.2020
STATFJORD ØST,1996,137,43672,29.01.2020
STATFJORD ØST,1997,22,43672,29.01.2020
STATFJORD ØST,1998,11,43672,29.01.2020
STATFJORD ØST,1999,172,43672,29.01.2020
STATFJORD ØST,2000,71,43672,29.01.2020
STATFJORD ØST,2001,400,43672,29.01.2020
STATFJORD ØST,2002,499,43672,29.01.2020
STATFJORD ØST,2003,37,43672,29.01.2020
STATFJORD ØST,2004,75,43672,29.01.2020
STATFJORD ØST,2005,257,43672,29.01.2020
STATFJORD ØST,2006,215,43672,29.01.2020
STATFJORD ØST,2007,409,43672,29.01.2020
STATFJORD ØST,2008,107,43672,29.01.2020
STATFJORD ØST,2009,157,43672,29.01.2020
STATFJORD ØST,2010,99,43672,29.01.2020
STATFJORD ØST,2011,99,43672,29.01.2020
STATFJORD ØST,2012,6,43672,29.01.2020
STATFJORD ØST,2013,54,43672,29.01.2020
STATFJORD ØST,2014,4,43672,29.01.2020
STATFJORD ØST,2015,220,43672,29.01.2020
STATFJORD ØST,2016,372,43672,29.01.2020
STATFJORD ØST,2017,7,43672,29.01.2020
STATFJORD ØST,2018,118,43672,29.01.2020
STATFJORD ØST,2019,0,43672,29.01.2020
STATFJORD ØST,2020,0,43672,29.01.2020
SVALIN,2012,985,22507971,29.01.2020
SVALIN,2013,1608,22507971,29.01.2020
SVALIN,2014,2055,22507971,29.01.2020
SVALIN,2015,16,22507971,29.01.2020
SVALIN,2016,71,22507971,29.01.2020
SVALIN,2017,3,22507971,29.01.2020
SVALIN,2018,5,22507971,29.01.2020
SVALIN,2019,0,22507971,29.01.2020
SVALIN,2020,0,22507971,29.01.2020
SVALIN,2021,0,22507971,29.01.2020
SVALIN,2022,0,22507971,29.01.2020
SVALIN,2023,0,22507971,29.01.2020
SYGNA,1999,512,104718,29.01.2020
SYGNA,2000,1089,104718,29.01.2020
SYGNA,2001,18,104718,29.01.2020
SYGNA,2002,96,104718,29.01.2020
SYGNA,2003,180,104718,29.01.2020
SYGNA,2004,13,104718,29.01.2020
SYGNA,2005,11,104718,29.01.2020
SYGNA,2006,11,104718,29.01.2020
SYGNA,2007,15,104718,29.01.2020
SYGNA,2008,18,104718,29.01.2020
SYGNA,2009,7,104718,29.01.2020
SYGNA,2010,3,104718,29.01.2020
SYGNA,2011,11,104718,29.01.2020
SYGNA,2012,1,104718,29.01.2020
SYGNA,2013,0,104718,29.01.2020
SYGNA,2014,44,104718,29.01.2020
SYGNA,2015,21,104718,29.01.2020
SYGNA,2016,44,104718,29.01.2020
SYGNA,2017,240,104718,29.01.2020
SYGNA,2018,25,104718,29.01.2020
SYGNA,2019,0,104718,29.01.2020
SYGNA,2020,0,104718,29.01.2020
SYGNA,2021,0,104718,29.01.2020
SYGNA,2022,0,104718,29.01.2020
SYGNA,2023,0,104718,29.01.2020
TAMBAR,2000,356,1028599,29.01.2020
TAMBAR,2001,990,1028599,29.01.2020
TAMBAR,2002,4,1028599,29.01.2020
TAMBAR,2003,15,1028599,29.01.2020
TAMBAR,2004,38,1028599,29.01.2020
TAMBAR,2005,72,1028599,29.01.2020
TAMBAR,2006,243,1028599,29.01.2020
TAMBAR,2007,392,1028599,29.01.2020
TAMBAR,2008,91,1028599,29.01.2020
TAMBAR,2009,0,1028599,29.01.2020
TAMBAR,2010,0,1028599,29.01.2020
TAMBAR,2011,11,1028599,29.01.2020
TAMBAR,2012,40,1028599,29.01.2020
TAMBAR,2013,3,1028599,29.01.2020
TAMBAR,2014,117,1028599,29.01.2020
TAMBAR,2015,52,1028599,29.01.2020
TAMBAR,2016,14,1028599,29.01.2020
TAMBAR,2017,813,1028599,29.01.2020
TAMBAR,2018,688,1028599,29.01.2020
TAMBAR,2019,0,1028599,29.01.2020
TAMBAR,2020,0,1028599,29.01.2020
TAMBAR ØST,2007,874,4999528,29.01.2020
TAMBAR ØST,2008,160,4999528,29.01.2020
TAMBAR ØST,2009,0,4999528,29.01.2020
TAMBAR ØST,2010,0,4999528,29.01.2020
TAMBAR ØST,2011,0,4999528,29.01.2020
TAMBAR ØST,2012,0,4999528,29.01.2020
TAMBAR ØST,2013,0,4999528,29.01.2020
TAMBAR ØST,2014,10,4999528,29.01.2020
TAMBAR ØST,2015,0,4999528,29.01.2020
TAMBAR ØST,2016,0,4999528,29.01.2020
TAMBAR ØST,2017,0,4999528,29.01.2020
TAMBAR ØST,2018,0,4999528,29.01.2020
TOMMELITEN GAMMA,1986,238,43444,29.01.2020
TOMMELITEN GAMMA,1987,1313,43444,29.01.2020
TOMMELITEN GAMMA,1988,806,43444,29.01.2020
TOMMELITEN GAMMA,1989,25,43444,29.01.2020
TOMMELITEN GAMMA,1990,21,43444,29.01.2020
TOMMELITEN GAMMA,1991,-10,43444,29.01.2020
TOMMELITEN GAMMA,1992,3,43444,29.01.2020
TOMMELITEN GAMMA,1993,-27,43444,29.01.2020
TOMMELITEN GAMMA,1994,0,43444,29.01.2020
TOMMELITEN GAMMA,1995,0,43444,29.01.2020
TOMMELITEN GAMMA,1996,0,43444,29.01.2020
TOMMELITEN GAMMA,1997,0,43444,29.01.2020
TOMMELITEN GAMMA,1998,0,43444,29.01.2020
TOMMELITEN GAMMA,1999,0,43444,29.01.2020
TOMMELITEN GAMMA,2000,0,43444,29.01.2020
TOMMELITEN GAMMA,2001,0,43444,29.01.2020
TOMMELITEN GAMMA,2002,0,43444,29.01.2020
TOMMELITEN GAMMA,2003,0,43444,29.01.2020
TOMMELITEN GAMMA,2004,0,43444,29.01.2020
TOMMELITEN GAMMA,2005,0,43444,29.01.2020
TOMMELITEN GAMMA,2006,0,43444,29.01.2020
TOMMELITEN GAMMA,2007,0,43444,29.01.2020
TOMMELITEN GAMMA,2008,0,43444,29.01.2020
TOMMELITEN GAMMA,2009,0,43444,29.01.2020
TOMMELITEN GAMMA,2010,0,43444,29.01.2020
TOMMELITEN GAMMA,2011,0,43444,29.01.2020
TOMMELITEN GAMMA,2012,0,43444,29.01.2020
TOMMELITEN GAMMA,2013,0,43444,29.01.2020
TOMMELITEN GAMMA,2014,0,43444,29.01.2020
TOMMELITEN GAMMA,2015,0,43444,29.01.2020
TOMMELITEN GAMMA,2016,0,43444,29.01.2020
TOR,1974,72,43520,29.01.2020
TOR,1975,247,43520,29.01.2020
TOR,1976,249,43520,29.01.2020
TOR,1977,344,43520,29.01.2020
TOR,1978,218,43520,29.01.2020
TOR,1979,132,43520,29.01.2020
TOR,1980,86,43520,29.01.2020
TOR,1981,233,43520,29.01.2020
TOR,1982,168,43520,29.01.2020
TOR,1983,11,43520,29.01.2020
TOR,1984,1,43520,29.01.2020
TOR,1985,2,43520,29.01.2020
TOR,1986,9,43520,29.01.2020
TOR,1987,30,43520,29.01.2020
TOR,1988,74,43520,29.01.2020
TOR,1989,116,43520,29.01.2020
TOR,1990,5,43520,29.01.2020
TOR,1991,98,43520,29.01.2020
TOR,1992,93,43520,29.01.2020
TOR,1993,2,43520,29.01.2020
TOR,1994,329,43520,29.01.2020
TOR,1995,16,43520,29.01.2020
TOR,1996,6,43520,29.01.2020
TOR,1997,53,43520,29.01.2020
TOR,1998,14,43520,29.01.2020
TOR,1999,21,43520,29.01.2020
TOR,2000,6,43520,29.01.2020
TOR,2001,6,43520,29.01.2020
TOR,2002,170,43520,29.01.2020
TOR,2003,42,43520,29.01.2020
TOR,2004,61,43520,29.01.2020
TOR,2005,49,43520,29.01.2020
TOR,2006,424,43520,29.01.2020
TOR,2007,15,43520,29.01.2020
TOR,2008,30,43520,29.01.2020
TOR,2009,16,43520,29.01.2020
TOR,2010,39,43520,29.01.2020
TOR,2011,447,43520,29.01.2020
TOR,2012,96,43520,29.01.2020
TOR,2013,97,43520,29.01.2020
TOR,2014,28,43520,29.01.2020
TOR,2015,2,43520,29.01.2020
TOR,2016,0,43520,29.01.2020
TOR,2017,0,43520,29.01.2020
TOR,2018,37,43520,29.01.2020
TOR,2019,0,43520,29.01.2020
TOR,2020,0,43520,29.01.2020
TOR,2021,0,43520,29.01.2020
TOR,2022,0,43520,29.01.2020
TOR,2023,0,43520,29.01.2020
TOR,2024,0,43520,29.01.2020
TORDIS,1991,43,43725,29.01.2020
TORDIS,1992,707,43725,29.01.2020
TORDIS,1993,1066,43725,29.01.2020
TORDIS,1994,1346,43725,29.01.2020
TORDIS,1995,358,43725,29.01.2020
TORDIS,1996,246,43725,29.01.2020
TORDIS,1997,109,43725,29.01.2020
TORDIS,1998,230,43725,29.01.2020
TORDIS,1999,640,43725,29.01.2020
TORDIS,2000,612,43725,29.01.2020
TORDIS,2001,496,43725,29.01.2020
TORDIS,2002,636,43725,29.01.2020
TORDIS,2003,134,43725,29.01.2020
TORDIS,2004,233,43725,29.01.2020
TORDIS,2005,191,43725,29.01.2020
TORDIS,2006,1503,43725,29.01.2020
TORDIS,2007,1228,43725,29.01.2020
TORDIS,2008,105,43725,29.01.2020
TORDIS,2009,593,43725,29.01.2020
TORDIS,2010,475,43725,29.01.2020
TORDIS,2011,1250,43725,29.01.2020
TORDIS,2012,1197,43725,29.01.2020
TORDIS,2013,804,43725,29.01.2020
TORDIS,2014,1280,43725,29.01.2020
TORDIS,2015,790,43725,29.01.2020
TORDIS,2016,944,43725,29.01.2020
TORDIS,2017,463,43725,29.01.2020
TORDIS,2018,61,43725,29.01.2020
TORDIS,2019,0,43725,29.01.2020
TORDIS,2020,0,43725,29.01.2020
TORDIS,2021,0,43725,29.01.2020
TORDIS,2022,0,43725,29.01.2020
TORDIS,2023,0,43725,29.01.2020
TRESTAKK,2012,0,29396445,29.01.2020
TRESTAKK,2013,0,29396445,29.01.2020
TRESTAKK,2014,0,29396445,29.01.2020
TRESTAKK,2015,0,29396445,29.01.2020
TRESTAKK,2016,86,29396445,29.01.2020
TRESTAKK,2017,1176,29396445,29.01.2020
TRESTAKK,2018,1738,29396445,29.01.2020
TRESTAKK,2019,0,29396445,29.01.2020
TRESTAKK,2020,0,29396445,29.01.2020
TRESTAKK,2021,0,29396445,29.01.2020
TRESTAKK,2022,0,29396445,29.01.2020
TROLL,1986,44,46437,29.01.2020
TROLL,1987,111,46437,29.01.2020
TROLL,1988,598,46437,29.01.2020
TROLL,1989,1631,46437,29.01.2020
TROLL,1990,1023,46437,29.01.2020
TROLL,1991,1466,46437,29.01.2020
TROLL,1992,5067,46437,29.01.2020
TROLL,1993,11358,46437,29.01.2020
TROLL,1994,15964,46437,29.01.2020
TROLL,1995,10887,46437,29.01.2020
TROLL,1996,3268,46437,29.01.2020
TROLL,1997,3747,46437,29.01.2020
TROLL,1998,7836,46437,29.01.2020
TROLL,1999,6671,46437,29.01.2020
TROLL,2000,4421,46437,29.01.2020
TROLL,2001,4583,46437,29.01.2020
TROLL,2002,3590,46437,29.01.2020
TROLL,2003,4067,46437,29.01.2020
TROLL,2004,3471,46437,29.01.2020
TROLL,2005,3202,46437,29.01.2020
TROLL,2006,3217,46437,29.01.2020
TROLL,2007,4225,46437,29.01.2020
TROLL,2008,6130,46437,29.01.2020
TROLL,2009,7752,46437,29.01.2020
TROLL,2010,7628,46437,29.01.2020
TROLL,2011,8663,46437,29.01.2020
TROLL,2012,9233,46437,29.01.2020
TROLL,2013,13040,46437,29.01.2020
TROLL,2014,12734,46437,29.01.2020
TROLL,2015,10030,46437,29.01.2020
TROLL,2016,9784,46437,29.01.2020
TROLL,2017,8967,46437,29.01.2020
TROLL,2018,9499,46437,29.01.2020
TROLL,2019,0,46437,29.01.2020
TROLL,2020,0,46437,29.01.2020
TROLL,2021,0,46437,29.01.2020
TROLL,2022,0,46437,29.01.2020
TROLL,2023,0,46437,29.01.2020
TROLL BRENT B,2017,185,29398828,29.01.2020
TROLL BRENT B,2018,0,29398828,29.01.2020
TRYM,2009,526,18081500,29.01.2020
TRYM,2010,1592,18081500,29.01.2020
TRYM,2011,838,18081500,29.01.2020
TRYM,2012,0,18081500,29.01.2020
TRYM,2013,0,18081500,29.01.2020
TRYM,2014,0,18081500,29.01.2020
TRYM,2015,0,18081500,29.01.2020
TRYM,2016,2,18081500,29.01.2020
TRYM,2017,0,18081500,29.01.2020
TRYM,2018,5,18081500,29.01.2020
TRYM,2019,0,18081500,29.01.2020
TRYM,2020,0,18081500,29.01.2020
TRYM,2021,0,18081500,29.01.2020
TUNE,1998,0,853376,29.01.2020
TUNE,1999,36,853376,29.01.2020
TUNE,2000,695,853376,29.01.2020
TUNE,2001,1532,853376,29.01.2020
TUNE,2002,1218,853376,29.01.2020
TUNE,2003,-29,853376,29.01.2020
TUNE,2004,76,853376,29.01.2020
TUNE,2005,331,853376,29.01.2020
TUNE,2006,90,853376,29.01.2020
TUNE,2007,53,853376,29.01.2020
TUNE,2008,136,853376,29.01.2020
TUNE,2009,549,853376,29.01.2020
TUNE,2010,7,853376,29.01.2020
TUNE,2011,23,853376,29.01.2020
TUNE,2012,3,853376,29.01.2020
TUNE,2013,0,853376,29.01.2020
TUNE,2014,0,853376,29.01.2020
TUNE,2015,1,853376,29.01.2020
TUNE,2016,1,853376,29.01.2020
TUNE,2017,0,853376,29.01.2020
TUNE,2018,0,853376,29.01.2020
TUNE,2019,0,853376,29.01.2020
TUNE,2020,0,853376,29.01.2020
TUNE,2021,0,853376,29.01.2020
TYRIHANS,2004,206,3960848,29.01.2020
TYRIHANS,2005,348,3960848,29.01.2020
TYRIHANS,2006,1578,3960848,29.01.2020
TYRIHANS,2007,3284,3960848,29.01.2020
TYRIHANS,2008,3528,3960848,29.01.2020
TYRIHANS,2009,2336,3960848,29.01.2020
TYRIHANS,2010,2101,3960848,29.01.2020
TYRIHANS,2011,1822,3960848,29.01.2020
TYRIHANS,2012,1775,3960848,29.01.2020
TYRIHANS,2013,1674,3960848,29.01.2020
TYRIHANS,2014,1186,3960848,29.01.2020
TYRIHANS,2015,415,3960848,29.01.2020
TYRIHANS,2016,-49,3960848,29.01.2020
TYRIHANS,2017,20,3960848,29.01.2020
TYRIHANS,2018,495,3960848,29.01.2020
TYRIHANS,2019,0,3960848,29.01.2020
TYRIHANS,2020,0,3960848,29.01.2020
TYRIHANS,2021,0,3960848,29.01.2020
ULA,1983,180,43800,29.01.2020
ULA,1984,1572,43800,29.01.2020
ULA,1985,3178,43800,29.01.2020
ULA,1986,1622,43800,29.01.2020
ULA,1987,244,43800,29.01.2020
ULA,1988,375,43800,29.01.2020
ULA,1989,364,43800,29.01.2020
ULA,1990,389,43800,29.01.2020
ULA,1991,155,43800,29.01.2020
ULA,1992,65,43800,29.01.2020
ULA,1993,320,43800,29.01.2020
ULA,1994,181,43800,29.01.2020
ULA,1995,177,43800,29.01.2020
ULA,1996,195,43800,29.01.2020
ULA,1997,248,43800,29.01.2020
ULA,1998,125,43800,29.01.2020
ULA,1999,36,43800,29.01.2020
ULA,2000,442,43800,29.01.2020
ULA,2001,615,43800,29.01.2020
ULA,2002,242,43800,29.01.2020
ULA,2003,279,43800,29.01.2020
ULA,2004,127,43800,29.01.2020
ULA,2005,552,43800,29.01.2020
ULA,2006,498,43800,29.01.2020
ULA,2007,436,43800,29.01.2020
ULA,2008,430,43800,29.01.2020
ULA,2009,733,43800,29.01.2020
ULA,2010,739,43800,29.01.2020
ULA,2011,181,43800,29.01.2020
ULA,2012,484,43800,29.01.2020
ULA,2013,566,43800,29.01.2020
ULA,2014,694,43800,29.01.2020
ULA,2015,455,43800,29.01.2020
ULA,2016,37,43800,29.01.2020
ULA,2017,212,43800,29.01.2020
ULA,2018,717,43800,29.01.2020
ULA,2019,0,43800,29.01.2020
ULA,2020,0,43800,29.01.2020
ULA,2021,0,43800,29.01.2020
ULA,2022,0,43800,29.01.2020
ULA,2023,0,43800,29.01.2020
URD,2003,0,2834734,29.01.2020
URD,2004,1195,2834734,29.01.2020
URD,2005,1813,2834734,29.01.2020
URD,2006,661,2834734,29.01.2020
URD,2007,312,2834734,29.01.2020
URD,2008,269,2834734,29.01.2020
URD,2009,19,2834734,29.01.2020
URD,2010,35,2834734,29.01.2020
URD,2011,769,2834734,29.01.2020
URD,2012,428,2834734,29.01.2020
URD,2013,834,2834734,29.01.2020
URD,2014,441,2834734,29.01.2020
URD,2015,466,2834734,29.01.2020
URD,2016,889,2834734,29.01.2020
URD,2017,51,2834734,29.01.2020
URD,2018,26,2834734,29.01.2020
URD,2019,0,2834734,29.01.2020
URD,2020,0,2834734,29.01.2020
UTGARD,2016,55,28975098,29.01.2020
UTGARD,2017,340,28975098,29.01.2020
UTGARD,2018,860,28975098,29.01.2020
UTGARD,2019,0,28975098,29.01.2020
UTGARD,2020,0,28975098,29.01.2020
UTGARD,2021,0,28975098,29.01.2020
UTGARD,2022,0,28975098,29.01.2020
VALE,1998,17,1578893,29.01.2020
VALE,1999,163,1578893,29.01.2020
VALE,2000,109,1578893,29.01.2020
VALE,2001,779,1578893,29.01.2020
VALE,2002,320,1578893,29.01.2020
VALE,2003,34,1578893,29.01.2020
VALE,2004,86,1578893,29.01.2020
VALE,2005,446,1578893,29.01.2020
VALE,2006,24,1578893,29.01.2020
VALE,2007,114,1578893,29.01.2020
VALE,2008,136,1578893,29.01.2020
VALE,2009,114,1578893,29.01.2020
VALE,2010,55,1578893,29.01.2020
VALE,2011,98,1578893,29.01.2020
VALE,2012,15,1578893,29.01.2020
VALE,2013,10,1578893,29.01.2020
VALE,2014,8,1578893,29.01.2020
VALE,2015,10,1578893,29.01.2020
VALE,2016,29,1578893,29.01.2020
VALE,2017,0,1578893,29.01.2020
VALE,2018,11,1578893,29.01.2020
VALE,2019,0,1578893,29.01.2020
VALE,2020,0,1578893,29.01.2020
VALE,2021,0,1578893,29.01.2020
VALE,2022,0,1578893,29.01.2020
VALE,2023,0,1578893,29.01.2020
VALEMON,2010,85,20460969,29.01.2020
VALEMON,2011,1399,20460969,29.01.2020
VALEMON,2012,3902,20460969,29.01.2020
VALEMON,2013,5732,20460969,29.01.2020
VALEMON,2014,5858,20460969,29.01.2020
VALEMON,2015,2373,20460969,29.01.2020
VALEMON,2016,1692,20460969,29.01.2020
VALEMON,2017,1890,20460969,29.01.2020
VALEMON,2018,271,20460969,29.01.2020
VALEMON,2019,0,20460969,29.01.2020
VALEMON,2020,0,20460969,29.01.2020
VALEMON,2021,0,20460969,29.01.2020
VALHALL,1977,156,43548,29.01.2020
VALHALL,1978,264,43548,29.01.2020
VALHALL,1979,807,43548,29.01.2020
VALHALL,1980,1203,43548,29.01.2020
VALHALL,1981,1282,43548,29.01.2020
VALHALL,1982,1270,43548,29.01.2020
VALHALL,1983,380,43548,29.01.2020
VALHALL,1984,356,43548,29.01.2020
VALHALL,1985,373,43548,29.01.2020
VALHALL,1986,269,43548,29.01.2020
VALHALL,1987,26,43548,29.01.2020
VALHALL,1988,232,43548,29.01.2020
VALHALL,1989,102,43548,29.01.2020
VALHALL,1990,93,43548,29.01.2020
VALHALL,1991,161,43548,29.01.2020
VALHALL,1992,299,43548,29.01.2020
VALHALL,1993,187,43548,29.01.2020
VALHALL,1994,212,43548,29.01.2020
VALHALL,1995,474,43548,29.01.2020
VALHALL,1996,1109,43548,29.01.2020
VALHALL,1997,1470,43548,29.01.2020
VALHALL,1998,1471,43548,29.01.2020
VALHALL,1999,829,43548,29.01.2020
VALHALL,2000,1483,43548,29.01.2020
VALHALL,2001,3620,43548,29.01.2020
VALHALL,2002,3814,43548,29.01.2020
VALHALL,2003,3837,43548,29.01.2020
VALHALL,2004,1837,43548,29.01.2020
VALHALL,2005,1782,43548,29.01.2020
VALHALL,2006,1956,43548,29.01.2020
VALHALL,2007,3642,43548,29.01.2020
VALHALL,2008,6445,43548,29.01.2020
VALHALL,2009,8141,43548,29.01.2020
VALHALL,2010,7063,43548,29.01.2020
VALHALL,2011,4866,43548,29.01.2020
VALHALL,2012,6170,43548,29.01.2020
VALHALL,2013,3567,43548,29.01.2020
VALHALL,2014,2143,43548,29.01.2020
VALHALL,2015,857,43548,29.01.2020
VALHALL,2016,246,43548,29.01.2020
VALHALL,2017,1638,43548,29.01.2020
VALHALL,2018,3927,43548,29.01.2020
VALHALL,2019,0,43548,29.01.2020
VALHALL,2020,0,43548,29.01.2020
VALHALL,2021,0,43548,29.01.2020
VALHALL,2022,0,43548,29.01.2020
VALHALL,2023,0,43548,29.01.2020
VARG,1996,1148,43451,29.01.2020
VARG,1997,874,43451,29.01.2020
VARG,1998,1306,43451,29.01.2020
VARG,1999,662,43451,29.01.2020
VARG,2000,77,43451,29.01.2020
VARG,2001,58,43451,29.01.2020
VARG,2002,0,43451,29.01.2020
VARG,2003,202,43451,29.01.2020
VARG,2004,651,43451,29.01.2020
VARG,2005,553,43451,29.01.2020
VARG,2006,477,43451,29.01.2020
VARG,2007,-23,43451,29.01.2020
VARG,2008,491,43451,29.01.2020
VARG,2009,677,43451,29.01.2020
VARG,2010,307,43451,29.01.2020
VARG,2011,397,43451,29.01.2020
VARG,2012,513,43451,29.01.2020
VARG,2013,535,43451,29.01.2020
VARG,2014,14,43451,29.01.2020
VARG,2015,4,43451,29.01.2020
VARG,2016,0,43451,29.01.2020
VARG,2017,0,43451,29.01.2020
VARG,2018,0,43451,29.01.2020
VARG,2019,0,43451,29.01.2020
VARG,2020,0,43451,29.01.2020
VEGA,2006,0,4467595,29.01.2020
VEGA,2007,744,4467595,29.01.2020
VEGA,2008,1433,4467595,29.01.2020
VEGA,2009,2414,4467595,29.01.2020
VEGA,2010,2516,4467595,29.01.2020
VEGA,2011,1396,4467595,29.01.2020
VEGA,2012,106,4467595,29.01.2020
VEGA,2013,1050,4467595,29.01.2020
VEGA,2014,280,4467595,29.01.2020
VEGA,2015,0,4467595,29.01.2020
VEGA,2016,0,4467595,29.01.2020
VEGA,2017,0,4467595,29.01.2020
VEGA,2018,0,4467595,29.01.2020
VEGA,2019,0,4467595,29.01.2020
VEGA,2020,0,4467595,29.01.2020
VEGA,2021,0,4467595,29.01.2020
VESLEFRIKK,1987,1537,43618,29.01.2020
VESLEFRIKK,1988,2429,43618,29.01.2020
VESLEFRIKK,1989,2137,43618,29.01.2020
VESLEFRIKK,1990,431,43618,29.01.2020
VESLEFRIKK,1991,237,43618,29.01.2020
VESLEFRIKK,1992,267,43618,29.01.2020
VESLEFRIKK,1993,295,43618,29.01.2020
VESLEFRIKK,1994,224,43618,29.01.2020
VESLEFRIKK,1995,247,43618,29.01.2020
VESLEFRIKK,1996,327,43618,29.01.2020
VESLEFRIKK,1997,229,43618,29.01.2020
VESLEFRIKK,1998,281,43618,29.01.2020
VESLEFRIKK,1999,493,43618,29.01.2020
VESLEFRIKK,2000,351,43618,29.01.2020
VESLEFRIKK,2001,252,43618,29.01.2020
VESLEFRIKK,2002,513,43618,29.01.2020
VESLEFRIKK,2003,483,43618,29.01.2020
VESLEFRIKK,2004,496,43618,29.01.2020
VESLEFRIKK,2005,456,43618,29.01.2020
VESLEFRIKK,2006,522,43618,29.01.2020
VESLEFRIKK,2007,636,43618,29.01.2020
VESLEFRIKK,2008,908,43618,29.01.2020
VESLEFRIKK,2009,908,43618,29.01.2020
VESLEFRIKK,2010,970,43618,29.01.2020
VESLEFRIKK,2011,1031,43618,29.01.2020
VESLEFRIKK,2012,775,43618,29.01.2020
VESLEFRIKK,2013,932,43618,29.01.2020
VESLEFRIKK,2014,737,43618,29.01.2020
VESLEFRIKK,2015,261,43618,29.01.2020
VESLEFRIKK,2016,72,43618,29.01.2020
VESLEFRIKK,2017,39,43618,29.01.2020
VESLEFRIKK,2018,120,43618,29.01.2020
VESLEFRIKK,2019,0,43618,29.01.2020
VESLEFRIKK,2020,0,43618,29.01.2020
VESLEFRIKK,2021,0,43618,29.01.2020
VESLEFRIKK,2022,0,43618,29.01.2020
VESLEFRIKK,2023,0,43618,29.01.2020
VEST EKOFISK,1972,3,43513,29.01.2020
VEST EKOFISK,1973,88,43513,29.01.2020
VEST EKOFISK,1974,103,43513,29.01.2020
VEST EKOFISK,1975,132,43513,29.01.2020
VEST EKOFISK,1976,105,43513,29.01.2020
VEST EKOFISK,1977,83,43513,29.01.2020
VEST EKOFISK,1978,8,43513,29.01.2020
VEST EKOFISK,1979,3,43513,29.01.2020
VEST EKOFISK,1980,1,43513,29.01.2020
VEST EKOFISK,1981,1,43513,29.01.2020
VEST EKOFISK,1982,38,43513,29.01.2020
VEST EKOFISK,1983,136,43513,29.01.2020
VEST EKOFISK,1984,12,43513,29.01.2020
VEST EKOFISK,1985,4,43513,29.01.2020
VEST EKOFISK,1986,87,43513,29.01.2020
VEST EKOFISK,1987,18,43513,29.01.2020
VEST EKOFISK,1988,40,43513,29.01.2020
VEST EKOFISK,1989,3,43513,29.01.2020
VEST EKOFISK,1990,4,43513,29.01.2020
VEST EKOFISK,1991,9,43513,29.01.2020
VEST EKOFISK,1992,10,43513,29.01.2020
VEST EKOFISK,1993,14,43513,29.01.2020
VEST EKOFISK,1994,40,43513,29.01.2020
VEST EKOFISK,1995,1,43513,29.01.2020
VEST EKOFISK,1996,0,43513,29.01.2020
VEST EKOFISK,1997,0,43513,29.01.2020
VEST EKOFISK,1998,0,43513,29.01.2020
VEST EKOFISK,1999,0,43513,29.01.2020
VEST EKOFISK,2000,0,43513,29.01.2020
VEST EKOFISK,2001,0,43513,29.01.2020
VEST EKOFISK,2002,0,43513,29.01.2020
VEST EKOFISK,2003,0,43513,29.01.2020
VEST EKOFISK,2004,0,43513,29.01.2020
VEST EKOFISK,2005,0,43513,29.01.2020
VEST EKOFISK,2006,0,43513,29.01.2020
VEST EKOFISK,2007,0,43513,29.01.2020
VEST EKOFISK,2008,0,43513,29.01.2020
VEST EKOFISK,2009,0,43513,29.01.2020
VEST EKOFISK,2010,0,43513,29.01.2020
VEST EKOFISK,2011,0,43513,29.01.2020
VEST EKOFISK,2012,0,43513,29.01.2020
VEST EKOFISK,2013,0,43513,29.01.2020
VEST EKOFISK,2014,0,43513,29.01.2020
VEST EKOFISK,2015,0,43513,29.01.2020
VEST EKOFISK,2016,0,43513,29.01.2020
VIGDIS,1994,125,43732,29.01.2020
VIGDIS,1995,1370,43732,29.01.2020
VIGDIS,1996,1473,43732,29.01.2020
VIGDIS,1997,726,43732,29.01.2020
VIGDIS,1998,275,43732,29.01.2020
VIGDIS,1999,431,43732,29.01.2020
VIGDIS,2000,685,43732,29.01.2020
VIGDIS,2001,768,43732,29.01.2020
VIGDIS,2002,387,43732,29.01.2020
VIGDIS,2003,1628,43732,29.01.2020
VIGDIS,2004,790,43732,29.01.2020
VIGDIS,2005,403,43732,29.01.2020
VIGDIS,2006,577,43732,29.01.2020
VIGDIS,2007,1419,43732,29.01.2020
VIGDIS,2008,1685,43732,29.01.2020
VIGDIS,2009,1036,43732,29.01.2020
VIGDIS,2010,162,43732,29.01.2020
VIGDIS,2011,889,43732,29.01.2020
VIGDIS,2012,2950,43732,29.01.2020
VIGDIS,2013,2103,43732,29.01.2020
VIGDIS,2014,675,43732,29.01.2020
VIGDIS,2015,1454,43732,29.01.2020
VIGDIS,2016,419,43732,29.01.2020
VIGDIS,2017,611,43732,29.01.2020
VIGDIS,2018,120,43732,29.01.2020
VIGDIS,2019,0,43732,29.01.2020
VIGDIS,2020,0,43732,29.01.2020
VIGDIS,2021,0,43732,29.01.2020
VIGDIS,2022,0,43732,29.01.2020
VIGDIS,2023,0,43732,29.01.2020
VILJE,2005,587,3392471,29.01.2020
VILJE,2006,1004,3392471,29.01.2020
VILJE,2007,191,3392471,29.01.2020
VILJE,2008,138,3392471,29.01.2020
VILJE,2009,2,3392471,29.01.2020
VILJE,2010,1,3392471,29.01.2020
VILJE,2011,24,3392471,29.01.2020
VILJE,2012,245,3392471,29.01.2020
VILJE,2013,625,3392471,29.01.2020
VILJE,2014,217,3392471,29.01.2020
VILJE,2015,-2,3392471,29.01.2020
VILJE,2016,0,3392471,29.01.2020
VILJE,2017,14,3392471,29.01.2020
VILJE,2018,-3,3392471,29.01.2020
VILJE,2019,0,3392471,29.01.2020
VILJE,2020,0,3392471,29.01.2020
VISUND,1995,28,43745,29.01.2020
VISUND,1996,1782,43745,29.01.2020
VISUND,1997,3840,43745,29.01.2020
VISUND,1998,3272,43745,29.01.2020
VISUND,1999,552,43745,29.01.2020
VISUND,2000,804,43745,29.01.2020
VISUND,2001,1149,43745,29.01.2020
VISUND,2002,939,43745,29.01.2020
VISUND,2003,837,43745,29.01.2020
VISUND,2004,1314,43745,29.01.2020
VISUND,2005,1342,43745,29.01.2020
VISUND,2006,693,43745,29.01.2020
VISUND,2007,781,43745,29.01.2020
VISUND,2008,799,43745,29.01.2020
VISUND,2009,1236,43745,29.01.2020
VISUND,2010,1329,43745,29.01.2020
VISUND,2011,1439,43745,29.01.2020
VISUND,2012,2429,43745,29.01.2020
VISUND,2013,3474,43745,29.01.2020
VISUND,2014,2907,43745,29.01.2020
VISUND,2015,1387,43745,29.01.2020
VISUND,2016,1089,43745,29.01.2020
VISUND,2017,1088,43745,29.01.2020
VISUND,2018,1900,43745,29.01.2020
VISUND,2019,0,43745,29.01.2020
VISUND,2020,0,43745,29.01.2020
VISUND,2021,0,43745,29.01.2020
VISUND,2022,0,43745,29.01.2020
VISUND,2023,0,43745,29.01.2020
VISUND SØR,2011,826,20461008,29.01.2020
VISUND SØR,2012,2167,20461008,29.01.2020
VISUND SØR,2013,828,20461008,29.01.2020
VISUND SØR,2014,1128,20461008,29.01.2020
VISUND SØR,2015,16,20461008,29.01.2020
VISUND SØR,2016,0,20461008,29.01.2020
VISUND SØR,2017,53,20461008,29.01.2020
VISUND SØR,2018,0,20461008,29.01.2020
VISUND SØR,2019,0,20461008,29.01.2020
VISUND SØR,2020,0,20461008,29.01.2020
VISUND SØR,2021,0,20461008,29.01.2020
VOLUND,2004,0,4380167,29.01.2020
VOLUND,2005,18,4380167,29.01.2020
VOLUND,2006,0,4380167,29.01.2020
VOLUND,2007,502,4380167,29.01.2020
VOLUND,2008,626,4380167,29.01.2020
VOLUND,2009,1257,4380167,29.01.2020
VOLUND,2010,748,4380167,29.01.2020
VOLUND,2011,34,4380167,29.01.2020
VOLUND,2012,435,4380167,29.01.2020
VOLUND,2013,120,4380167,29.01.2020
VOLUND,2014,94,4380167,29.01.2020
VOLUND,2015,122,4380167,29.01.2020
VOLUND,2016,481,4380167,29.01.2020
VOLUND,2017,878,4380167,29.01.2020
VOLUND,2018,7,4380167,29.01.2020
VOLUND,2019,0,4380167,29.01.2020
VOLUND,2020,0,4380167,29.01.2020
VOLVE,2005,184,3420717,29.01.2020
VOLVE,2006,583,3420717,29.01.2020
VOLVE,2007,1170,3420717,29.01.2020
VOLVE,2008,696,3420717,29.01.2020
VOLVE,2009,300,3420717,29.01.2020
VOLVE,2010,74,3420717,29.01.2020
VOLVE,2011,37,3420717,29.01.2020
VOLVE,2012,371,3420717,29.01.2020
VOLVE,2013,968,3420717,29.01.2020
VOLVE,2014,301,3420717,29.01.2020
VOLVE,2015,10,3420717,29.01.2020
VOLVE,2016,-5,3420717,29.01.2020
VOLVE,2017,0,3420717,29.01.2020
VOLVE,2018,0,3420717,29.01.2020
VOLVE,2019,0,3420717,29.01.2020
VOLVE,2020,0,3420717,29.01.2020
YME,1993,23,43807,29.01.2020
YME,1994,157,43807,29.01.2020
YME,1995,728,43807,29.01.2020
YME,1996,654,43807,29.01.2020
YME,1997,207,43807,29.01.2020
YME,1998,49,43807,29.01.2020
YME,1999,251,43807,29.01.2020
YME,2000,0,43807,29.01.2020
YME,2001,0,43807,29.01.2020
YME,2002,0,43807,29.01.2020
YME,2003,0,43807,29.01.2020
YME,2004,0,43807,29.01.2020
YME,2005,0,43807,29.01.2020
YME,2006,0,43807,29.01.2020
YME,2007,720,43807,29.01.2020
YME,2008,1679,43807,29.01.2020
YME,2009,2826,43807,29.01.2020
YME,2010,2297,43807,29.01.2020
YME,2011,2474,43807,29.01.2020
YME,2012,2599,43807,29.01.2020
YME,2013,36,43807,29.01.2020
YME,2014,0,43807,29.01.2020
YME,2015,0,43807,29.01.2020
YME,2016,0,43807,29.01.2020
YME,2017,224,43807,29.01.2020
YME,2018,2336,43807,29.01.2020
YME,2019,0,43807,29.01.2020
YME,2020,0,43807,29.01.2020
YTTERGRYTA,2006,52,4973114,29.01.2020
YTTERGRYTA,2007,249,4973114,29.01.2020
YTTERGRYTA,2008,1078,4973114,29.01.2020
YTTERGRYTA,2009,79,4973114,29.01.2020
YTTERGRYTA,2010,-9,4973114,29.01.2020
YTTERGRYTA,2011,2,4973114,29.01.2020
YTTERGRYTA,2012,-1,4973114,29.01.2020
YTTERGRYTA,2013,0,4973114,29.01.2020
YTTERGRYTA,2014,0,4973114,29.01.2020
YTTERGRYTA,2015,0,4973114,29.01.2020
YTTERGRYTA,2016,0,4973114,29.01.2020
YTTERGRYTA,2017,0,4973114,29.01.2020
YTTERGRYTA,2018,0,4973114,29.01.2020
YTTERGRYTA,2019,0,4973114,29.01.2020
YTTERGRYTA,2020,0,4973114,29.01.2020
ÆRFUGL,2017,0,33310197,29.01.2020
ÆRFUGL,2018,1162,33310197,29.01.2020
ÆRFUGL,2019,0,33310197,29.01.2020
ÆRFUGL,2020,0,33310197,29.01.2020
ÆRFUGL,2021,0,33310197,29.01.2020
ÆRFUGL,2022,0,33310197,29.01.2020
ÆRFUGL,2023,0,33310197,29.01.2020
ØST FRIGG,1985,6,43576,29.01.2020
ØST FRIGG,1986,469,43576,29.01.2020
ØST FRIGG,1987,1086,43576,29.01.2020
ØST FRIGG,1988,591,43576,29.01.2020
ØST FRIGG,1989,23,43576,29.01.2020
ØST FRIGG,1990,0,43576,29.01.2020
ØST FRIGG,1991,0,43576,29.01.2020
ØST FRIGG,1992,0,43576,29.01.2020
ØST FRIGG,1993,0,43576,29.01.2020
ØST FRIGG,1994,0,43576,29.01.2020
ØST FRIGG,1995,11,43576,29.01.2020
ØST FRIGG,1996,0,43576,29.01.2020
ØST FRIGG,1997,0,43576,29.01.2020
ØST FRIGG,1998,0,43576,29.01.2020
ØST FRIGG,1999,0,43576,29.01.2020
ØST FRIGG,2000,0,43576,29.01.2020
ØST FRIGG,2001,0,43576,29.01.2020
ØST FRIGG,2002,0,43576,29.01.2020
ØST FRIGG,2003,0,43576,29.01.2020
ØST FRIGG,2004,0,43576,29.01.2020
ØST FRIGG,2005,0,43576,29.01.2020
ØST FRIGG,2006,0,43576,29.01.2020
ØST FRIGG,2007,0,43576,29.01.2020
ØST FRIGG,2008,0,43576,29.01.2020
ÅSGARD,1996,2783,43765,29.01.2020
ÅSGARD,1997,7690,43765,29.01.2020
ÅSGARD,1998,12934,43765,29.01.2020
ÅSGARD,1999,13602,43765,29.01.2020
ÅSGARD,2000,5818,43765,29.01.2020
ÅSGARD,2001,2179,43765,29.01.2020
ÅSGARD,2002,1018,43765,29.01.2020
ÅSGARD,2003,590,43765,29.01.2020
ÅSGARD,2004,1804,43765,29.01.2020
ÅSGARD,2005,1171,43765,29.01.2020
ÅSGARD,2006,1635,43765,29.01.2020
ÅSGARD,2007,2087,43765,29.01.2020
ÅSGARD,2008,2253,43765,29.01.2020
ÅSGARD,2009,2995,43765,29.01.2020
ÅSGARD,2010,1461,43765,29.01.2020
ÅSGARD,2011,5281,43765,29.01.2020
ÅSGARD,2012,5776,43765,29.01.2020
ÅSGARD,2013,6599,43765,29.01.2020
ÅSGARD,2014,7775,43765,29.01.2020
ÅSGARD,2015,4780,43765,29.01.2020
ÅSGARD,2016,2810,43765,29.01.2020
ÅSGARD,2017,1551,43765,29.01.2020
ÅSGARD,2018,1592,43765,29.01.2020
ÅSGARD,2019,0,43765,29.01.2020
ÅSGARD,2020,0,43765,29.01.2020
ÅSGARD,2021,0,43765,29.01.2020
ÅSGARD,2022,0,43765,29.01.2020
ÅSGARD,2023,0,43765,29.01.2020
AASTA HANSTEEN,2013,3981,23395946,29.01.2020
AASTA HANSTEEN,2014,7754,23395946,29.01.2020
AASTA HANSTEEN,2015,8198,23395946,29.01.2020
AASTA HANSTEEN,2016,5848,23395946,29.01.2020
AASTA HANSTEEN,2017,4950,23395946,29.01.2020
AASTA HANSTEEN,2018,4440,23395946,29.01.2020
AASTA HANSTEEN,2019,0,23395946,29.01.2020
AASTA HANSTEEN,2020,0,23395946,29.01.2020

