Price Hub,Trade Date,Delivery Start Date,Delivery End Date, High Price $/MWh , Low Price $/MWh , Wtd Avg Price $/MWh ,Change, Daily Volume MWh ,Number of Trades,Number of Counterparties
NP15,1-Apr-09,2-Apr-09,2-Apr-09,31.9,30.75,31.02,,14 000,34,10
NP15,2-Apr-09,3-Apr-09,4-Apr-09,28.85,28,28.3,(2.72),52 000,59,13
NP15,3-Apr-09,6-Apr-09,6-Apr-09,31.5,31,31.22,2.92 ,20 000,41,13
NP15,6-Apr-09,7-Apr-09,7-Apr-09,34.25,33.4,33.8,2.58 ,22 000,47,13
NP15,7-Apr-09,8-Apr-09,9-Apr-09,30,29.75,29.9,(3.90),52 800,54,16
NP15,8-Apr-09,10-Apr-09,11-Apr-09,28.25,27.85,27.95,(1.95),48 000,57,11
NP15,9-Apr-09,13-Apr-09,13-Apr-09,29.75,29,29.43,1.48 ,24 400,57,14
NP15,13-Apr-09,14-Apr-09,14-Apr-09,27.35,27,27.1,(2.33),24 400,60,12
NP15,14-Apr-09,15-Apr-09,15-Apr-09,29,28.5,28.62,1.52 ,22 800,50,14
NP15,15-Apr-09,16-Apr-09,16-Apr-09,30.3,29.5,29.97,1.35 ,15 200,32,12
NP15,16-Apr-09,17-Apr-09,18-Apr-09,27,26.5,26.74,(3.23),67 200,70,13
NP15,17-Apr-09,20-Apr-09,20-Apr-09,37.75,35.75,36.31,9.57 ,23 200,49,11
NP15,20-Apr-09,21-Apr-09,21-Apr-09,36,34.75,35.31,(1.00),27 200,63,13
NP15,21-Apr-09,22-Apr-09,22-Apr-09,31.4,31,31.24,(4.07),14 400,33,10
NP15,22-Apr-09,23-Apr-09,23-Apr-09,28.5,28.1,28.33,(2.91),21 600,40,11
NP15,23-Apr-09,24-Apr-09,25-Apr-09,25.5,24.75,25.29,(3.04),46 400,41,11
NP15,24-Apr-09,27-Apr-09,27-Apr-09,28.5,27.5,27.84,2.55 ,16 000,33,9
NP15,27-Apr-09,28-Apr-09,28-Apr-09,26.5,26.25,26.39,(1.45),43 600,59,10
NP15,28-Apr-09,29-Apr-09,29-Apr-09,27.5,27,27.4,1.01 ,11 600,13,9
NP15,29-Apr-09,30-Apr-09,30-Apr-09,29,28.1,28.58,1.18 ,21 200,32,8
NP15,30-Apr-09,1-May-09,2-May-09,27.25,26.55,26.91,(1.67),62 400,67,13
NP15,1-May-09,4-May-09,4-May-09,27.75,27.1,27.34,0.43 ,19 200,45,12
NP15,4-May-09,5-May-09,5-May-09,30.7,30,30.36,3.02 ,34 800,79,14
NP15,5-May-09,6-May-09,6-May-09,31.5,30.75,31.06,0.70 ,12 400,24,10
NP15,6-May-09,7-May-09,7-May-09,32.5,31.75,32.08,1.02 ,10 000,22,12
NP15,7-May-09,8-May-09,9-May-09,31.5,30.5,30.98,(1.10),55 200,41,7
NP15,8-May-09,11-May-09,11-May-09,40.25,39,39.71,8.73 ,24 800,58,16
NP15,11-May-09,12-May-09,12-May-09,38,36.75,37.28,(2.43),11 600,22,11
NP15,12-May-09,13-May-09,13-May-09,35.75,35,35.4,(1.88),18 400,44,11
NP15,13-May-09,14-May-09,14-May-09,39.5,38.25,39.06,3.66 ,19 200,39,14
NP15,14-May-09,15-May-09,16-May-09,38.5,36.5,37.32,(1.74),34 400,37,10
NP15,15-May-09,18-May-09,18-May-09,46,45,45.27,7.95 ,32 400,64,13
NP15,18-May-09,19-May-09,19-May-09,40.75,38.75,39.28,(5.99),15 200,36,11
NP15,19-May-09,20-May-09,21-May-09,38,36.4,37.56,(1.72),57 600,46,11
NP15,20-May-09,22-May-09,23-May-09,33.25,32,32.65,(4.91),22 400,27,9
NP15,22-May-09,26-May-09,26-May-09,30.5,28.5,30.18,(2.47),28 000,56,13
NP15,26-May-09,27-May-09,28-May-09,30.75,29.5,29.99,(0.19),64 800,70,12
NP15,27-May-09,29-May-09,30-May-09,31,29.25,29.67,(0.32),43 200,49,11
NP15,29-May-09,1-Jun-09,1-Jun-09,33.75,32.75,33.12,3.45 ,24 000,39,10
NP15,1-Jun-09,2-Jun-09,2-Jun-09,29.75,29.75,29.75,(3.37),6 400,16,8
NP15,2-Jun-09,3-Jun-09,3-Jun-09,30.75,29,29.76,0.01 ,22 400,40,14
NP15,3-Jun-09,4-Jun-09,4-Jun-09,25.85,25.35,25.74,(4.02),37 600,67,16
NP15,4-Jun-09,5-Jun-09,6-Jun-09,25,24.15,24.66,(1.08),48 000,55,14
NP15,5-Jun-09,8-Jun-09,8-Jun-09,26.3,25.5,25.72,1.06 ,11 200,24,10
NP15,8-Jun-09,9-Jun-09,9-Jun-09,24.75,23,24.09,(1.63),20 400,40,12
NP15,9-Jun-09,10-Jun-09,10-Jun-09,23.25,22.25,22.79,(1.30),34 000,53,15
NP15,10-Jun-09,11-Jun-09,11-Jun-09,24.25,23.5,23.91,1.12 ,28 000,42,13
NP15,11-Jun-09,12-Jun-09,13-Jun-09,22.65,21.75,22.38,(1.53),41 600,28,11
NP15,12-Jun-09,15-Jun-09,15-Jun-09,25.6,25,25.27,2.89 ,14 000,24,10
NP15,15-Jun-09,16-Jun-09,16-Jun-09,29.25,28.05,28.72,3.45 ,28 000,51,15
NP15,16-Jun-09,17-Jun-09,17-Jun-09,31.75,29.5,30.63,1.91 ,42 800,80,16
NP15,17-Jun-09,18-Jun-09,18-Jun-09,34.3,33.5,33.76,3.13 ,52 800,91,18
NP15,18-Jun-09,19-Jun-09,20-Jun-09,30.5,29.65,30.03,(3.73),72 000,63,15
NP15,19-Jun-09,22-Jun-09,22-Jun-09,30.5,29.75,29.97,(0.06),31 200,55,15
NP15,22-Jun-09,23-Jun-09,23-Jun-09,33.25,31.75,32.25,2.28 ,34 400,67,14
NP15,23-Jun-09,24-Jun-09,24-Jun-09,32.25,31.75,31.81,(0.44),29 200,67,14
NP15,24-Jun-09,25-Jun-09,25-Jun-09,30.1,29.5,29.82,(1.99),34 000,69,18
NP15,25-Jun-09,26-Jun-09,27-Jun-09,31.25,30.25,30.66,0.84 ,56 000,57,14
NP15,26-Jun-09,29-Jun-09,29-Jun-09,35.5,34.5,35.3,4.64 ,29 200,50,13
NP15,29-Jun-09,30-Jun-09,30-Jun-09,40.5,39.5,39.86,4.56 ,19 200,36,11
NP15,30-Jun-09,1-Jul-09,2-Jul-09,39,37.5,38.4,(1.46),88 800,80,17
NP15,1-Jul-09,3-Jul-09,3-Jul-09,34,32.75,33.34,(5.06),31 200,59,14
NP15,2-Jul-09,6-Jul-09,6-Jul-09,31.5,30.8,31.04,(2.30),16 800,39,14
NP15,6-Jul-09,7-Jul-09,7-Jul-09,28.75,28.25,28.44,(2.60),24 400,39,14
NP15,7-Jul-09,8-Jul-09,8-Jul-09,29,28.5,28.65,0.21 ,25 600,44,13
NP15,8-Jul-09,9-Jul-09,9-Jul-09,28.65,27.45,28.06,(0.59),48 000,57,13
NP15,9-Jul-09,10-Jul-09,11-Jul-09,30.1,29.75,29.87,1.81 ,78 400,74,16
NP15,10-Jul-09,13-Jul-09,13-Jul-09,33.25,32.65,32.88,3.01 ,11 600,16,10
NP15,13-Jul-09,14-Jul-09,14-Jul-09,37.35,35.75,36.49,3.61 ,28 000,64,17
NP15,14-Jul-09,15-Jul-09,15-Jul-09,41.35,40.5,40.97,4.48 ,24 800,40,13
NP15,15-Jul-09,16-Jul-09,16-Jul-09,42.3,41.5,41.94,0.97 ,14 800,35,14
NP15,16-Jul-09,17-Jul-09,18-Jul-09,38.75,38.15,38.39,(3.55),12 800,12,6
NP15,17-Jul-09,20-Jul-09,20-Jul-09,42.5,41.95,42.11,3.72 ,18 000,26,10
NP15,20-Jul-09,21-Jul-09,21-Jul-09,44.5,44.05,44.34,2.23 ,13 200,28,11
NP15,21-Jul-09,22-Jul-09,22-Jul-09,43.7,43,43.24,(1.10),7 200,17,9
NP15,22-Jul-09,23-Jul-09,23-Jul-09,43.1,42.75,42.92,(0.32),25 600,44,13
NP15,23-Jul-09,24-Jul-09,25-Jul-09,42.9,41.5,41.81,(1.11),26 400,22,10
NP15,24-Jul-09,27-Jul-09,27-Jul-09,45.3,44.5,44.92,3.11 ,25 600,57,15
NP15,27-Jul-09,28-Jul-09,28-Jul-09,48,46.75,47.33,2.41 ,15 600,31,11
NP15,28-Jul-09,29-Jul-09,30-Jul-09,41.75,41.1,41.42,(5.91),48 800,46,18
NP15,29-Jul-09,31-Jul-09,31-Jul-09,39,36.9,37.37,(4.05),16 800,31,12
NP15,30-Jul-09,1-Aug-09,1-Aug-09,36.25,35.65,36.08,(1.29),16 800,23,13
NP15,31-Jul-09,3-Aug-09,3-Aug-09,39.5,38.5,38.88,2.80 ,11 600,22,11
NP15,3-Aug-09,4-Aug-09,4-Aug-09,38,37.5,37.63,(1.25),19 600,28,9
NP15,4-Aug-09,5-Aug-09,5-Aug-09,37,36.5,36.68,(0.95),23 200,50,13
NP15,5-Aug-09,6-Aug-09,6-Aug-09,36.75,36.5,36.64,(0.04),7 200,18,10
NP15,6-Aug-09,7-Aug-09,8-Aug-09,36.1,35.25,35.59,(1.05),60 000,58,11
NP15,7-Aug-09,10-Aug-09,10-Aug-09,40.6,39,40.26,4.67 ,21 600,48,12
NP15,10-Aug-09,11-Aug-09,11-Aug-09,43,42.25,42.43,2.17 ,12 000,17,10
NP15,11-Aug-09,12-Aug-09,12-Aug-09,41,40.75,40.97,(1.46),11 200,26,13
NP15,12-Aug-09,13-Aug-09,13-Aug-09,39.25,38.8,39.05,(1.92),23 600,43,13
NP15,13-Aug-09,14-Aug-09,15-Aug-09,38,35.75,36.15,(2.90),40 800,39,13
NP15,14-Aug-09,17-Aug-09,17-Aug-09,41,39.75,40.24,4.09 ,21 200,35,14
NP15,17-Aug-09,18-Aug-09,18-Aug-09,38.15,37.5,37.96,(2.28),6 800,14,11
NP15,18-Aug-09,19-Aug-09,19-Aug-09,36.5,36.35,36.49,(1.47),20 000,35,10
NP15,19-Aug-09,20-Aug-09,20-Aug-09,35.35,35,35.11,(1.38),17 600,24,8
NP15,20-Aug-09,21-Aug-09,22-Aug-09,32,31.65,31.84,(3.27),31 200,26,8
NP15,21-Aug-09,24-Aug-09,24-Aug-09,33.45,32.8,33.03,1.19 ,7 600,13,7
NP15,24-Aug-09,25-Aug-09,25-Aug-09,31.15,31,31.05,(1.98),16 400,27,12
NP15,25-Aug-09,26-Aug-09,26-Aug-09,33.6,33.4,33.49,2.44 ,15 600,22,12
NP15,26-Aug-09,27-Aug-09,27-Aug-09,36.7,36.25,36.46,2.97 ,10 400,19,10
NP15,27-Aug-09,28-Aug-09,29-Aug-09,37.5,35.5,36.01,(0.45),44 800,49,14
NP15,28-Aug-09,31-Aug-09,31-Aug-09,34.75,34.45,34.54,(1.47),10 000,18,9
NP15,31-Aug-09,1-Sep-09,1-Sep-09,34.6,34.25,34.53,(0.01),12 400,27,7
NP15,1-Sep-09,2-Sep-09,3-Sep-09,34.15,33.75,33.94,(0.59),24 000,22,11
NP15,2-Sep-09,4-Sep-09,5-Sep-09,30.75,30.4,30.54,(3.40),24 000,29,10
NP15,4-Sep-09,8-Sep-09,8-Sep-09,32,31.5,31.81,1.27 ,10 400,17,5
NP15,8-Sep-09,9-Sep-09,9-Sep-09,34.5,33.25,33.98,2.17 ,29 200,39,15
NP15,9-Sep-09,10-Sep-09,10-Sep-09,38.75,38,38.37,4.39 ,29 600,66,12
NP15,10-Sep-09,11-Sep-09,12-Sep-09,38.5,37,37.8,(0.57),33 600,26,12
NP15,11-Sep-09,14-Sep-09,14-Sep-09,39.5,39,39.33,1.53 ,26 000,41,13
NP15,14-Sep-09,15-Sep-09,15-Sep-09,40.75,40,40.2,0.87 ,20 800,35,13
NP15,15-Sep-09,16-Sep-09,16-Sep-09,45.5,44.5,45.09,4.89 ,21 600,39,13
NP15,16-Sep-09,17-Sep-09,17-Sep-09,44,44,44,(1.09),32 000,61,14
NP15,17-Sep-09,18-Sep-09,19-Sep-09,44.5,43.5,44.19,0.19 ,47 200,47,10
NP15,18-Sep-09,21-Sep-09,21-Sep-09,48.05,47,47.5,3.31 ,31 200,68,16
NP15,21-Sep-09,22-Sep-09,22-Sep-09,53,51.25,52.11,4.61 ,31 200,46,17
NP15,22-Sep-09,23-Sep-09,23-Sep-09,49,48.4,48.64,(3.47),28 400,38,16
NP15,23-Sep-09,24-Sep-09,24-Sep-09,46.25,45.5,45.98,(2.66),28 800,56,13
NP15,24-Sep-09,25-Sep-09,26-Sep-09,43.1,42,42.6,(3.38),23 200,15,9
NP15,25-Sep-09,28-Sep-09,28-Sep-09,43.45,42.5,43.03,0.43 ,22 800,44,10
NP15,28-Sep-09,29-Sep-09,29-Sep-09,44,43,43.67,0.64 ,30 800,66,21
NP15,29-Sep-09,30-Sep-09,30-Sep-09,39,38.25,38.45,(5.22),11 600,25,13
NP15,30-Sep-09,1-Oct-09,1-Oct-09,37.75,37.25,37.43,(1.02),24 000,36,18
NP15,1-Oct-09,2-Oct-09,3-Oct-09,37.15,37,37.08,(0.35),8 800,8,7
NP15,2-Oct-09,5-Oct-09,5-Oct-09,34.4,34,34.14,(2.94),35 200,50,10
NP15,5-Oct-09,6-Oct-09,6-Oct-09,35,34.65,34.71,0.57 ,15 600,26,13
NP15,6-Oct-09,7-Oct-09,7-Oct-09,36.5,36,36.35,1.64 ,24 400,37,11
NP15,7-Oct-09,8-Oct-09,8-Oct-09,43,42,42.64,6.29 ,22 800,36,10
NP15,8-Oct-09,9-Oct-09,10-Oct-09,44.5,43.75,44.07,1.43 ,51 200,52,13
NP15,9-Oct-09,12-Oct-09,12-Oct-09,43.25,42.75,43.15,(0.92),6 400,9,8
NP15,12-Oct-09,13-Oct-09,13-Oct-09,48.5,47.75,48.14,4.99 ,14 000,15,6
NP15,13-Oct-09,14-Oct-09,14-Oct-09,49.5,49,49.25,1.11 ,3 600,7,6
NP15,14-Oct-09,15-Oct-09,15-Oct-09,48.25,47.75,47.84,(1.41),13 600,23,11
NP15,15-Oct-09,16-Oct-09,17-Oct-09,50.5,48.5,49.83,1.99 ,31 200,25,14
NP15,16-Oct-09,19-Oct-09,19-Oct-09,54.25,52.75,53.56,3.73 ,34 400,66,14
NP15,19-Oct-09,20-Oct-09,20-Oct-09,55.4,54.75,54.96,1.40 ,21 200,46,10
NP15,20-Oct-09,21-Oct-09,21-Oct-09,61.25,60.25,60.72,5.76 ,21 200,42,14
NP15,21-Oct-09,22-Oct-09,22-Oct-09,60.5,60.25,60.45,(0.27),13 200,28,13
NP15,22-Oct-09,23-Oct-09,24-Oct-09,60.55,59.85,60.05,(0.40),42 400,45,14
NP15,23-Oct-09,26-Oct-09,26-Oct-09,60,59.4,59.74,(0.31),27 200,44,12
NP15,26-Oct-09,27-Oct-09,27-Oct-09,55.5,54.65,54.88,(4.86),19 200,32,11
NP15,27-Oct-09,28-Oct-09,28-Oct-09,53.75,53.5,53.68,(1.20),26 800,45,14
NP15,28-Oct-09,29-Oct-09,29-Oct-09,55,54.5,54.78,1.10 ,26 000,40,11
NP15,29-Oct-09,30-Oct-09,31-Oct-09,49.75,49,49.26,(5.52),46 400,44,9
NP15,30-Oct-09,2-Nov-09,2-Nov-09,50.5,49.75,50.19,0.93 ,14 000,30,11
NP15,2-Nov-09,3-Nov-09,3-Nov-09,48.25,47.6,47.78,(2.41),18 800,34,9
NP15,3-Nov-09,4-Nov-09,4-Nov-09,48.5,48,48.11,0.33 ,18 400,44,11
NP15,4-Nov-09,5-Nov-09,5-Nov-09,48,47.9,47.99,(0.12),13 600,23,10
NP15,5-Nov-09,6-Nov-09,7-Nov-09,41,40.3,40.64,(7.35),42 400,33,10
NP15,6-Nov-09,9-Nov-09,9-Nov-09,40,39.5,39.78,(0.86),16 800,17,7
NP15,9-Nov-09,10-Nov-09,10-Nov-09,40.75,40,40.41,0.63 ,12 800,31,11
NP15,10-Nov-09,11-Nov-09,12-Nov-09,41.55,40,41.29,0.88 ,59 200,60,14
NP15,12-Nov-09,13-Nov-09,14-Nov-09,37.25,36.75,37.01,(4.28),24 800,26,11
NP15,13-Nov-09,16-Nov-09,16-Nov-09,35.25,34.25,34.61,(2.40),6 800,15,9
NP15,16-Nov-09,17-Nov-09,17-Nov-09,32.25,31.5,32.11,(2.50),17 200,27,11
NP15,17-Nov-09,18-Nov-09,18-Nov-09,42.1,41,41.62,9.51 ,38 800,81,19
NP15,18-Nov-09,19-Nov-09,19-Nov-09,42.9,42.25,42.58,0.96 ,24 400,41,16
NP15,19-Nov-09,20-Nov-09,21-Nov-09,42,40.75,41.26,(1.32),49 600,53,16
NP15,20-Nov-09,23-Nov-09,23-Nov-09,38.3,37.7,37.96,(3.30),13 200,20,7
NP15,23-Nov-09,24-Nov-09,25-Nov-09,39.75,38.85,39.22,1.26 ,33 600,37,15
NP15,24-Nov-09,27-Nov-09,28-Nov-09,32,31.75,31.85,(7.37),60 000,65,12
NP15,25-Nov-09,30-Nov-09,30-Nov-09,37.5,36.25,36.74,4.89 ,16 000,24,8
NP15,30-Nov-09,1-Dec-09,1-Dec-09,47.75,47,47.38,10.64 ,21 200,36,14
NP15,1-Dec-09,2-Dec-09,2-Dec-09,47,46.5,46.68,(0.70),19 600,41,11
NP15,2-Dec-09,3-Dec-09,3-Dec-09,50.25,49.65,49.9,3.22 ,18 000,42,10
NP15,3-Dec-09,4-Dec-09,5-Dec-09,45.5,45.35,45.41,(4.49),9 600,11,4
NP15,4-Dec-09,7-Dec-09,7-Dec-09,52.5,51.5,51.9,6.49 ,11 200,28,11
NP15,7-Dec-09,8-Dec-09,8-Dec-09,56.75,56.25,56.57,4.67 ,11 200,26,12
NP15,8-Dec-09,9-Dec-09,9-Dec-09,89,77,81.23,24.66 ,30 400,60,17
NP15,9-Dec-09,10-Dec-09,10-Dec-09,73.5,66.5,68.56,(12.67),11 600,19,8
NP15,10-Dec-09,11-Dec-09,12-Dec-09,53.75,53,53.48,(15.08),16 000,20,8
NP15,11-Dec-09,14-Dec-09,14-Dec-09,55.5,54.5,54.99,1.51 ,8 000,18,8
NP15,14-Dec-09,15-Dec-09,15-Dec-09,56,55.35,55.69,0.70 ,18 800,28,8
NP15,15-Dec-09,16-Dec-09,16-Dec-09,54.5,53.75,54.02,(1.67),21 600,52,14
NP15,16-Dec-09,17-Dec-09,17-Dec-09,54.35,54,54.26,0.24 ,10 000,12,7
NP15,17-Dec-09,18-Dec-09,19-Dec-09,53.7,53,53.15,(1.11),30 400,29,11
NP15,18-Dec-09,21-Dec-09,21-Dec-09,59.25,58.85,58.93,5.78 ,16 800,24,8
NP15,21-Dec-09,22-Dec-09,23-Dec-09,57,55.6,55.75,(3.18),23 200,26,9
NP15,22-Dec-09,24-Dec-09,26-Dec-09,50,49.75,49.95,(5.80),8 000,7,4
NP15,23-Dec-09,28-Dec-09,28-Dec-09,54,52.95,53.4,3.45 ,20 400,27,7
NP15,28-Dec-09,29-Dec-09,29-Dec-09,55,54.75,54.83,1.43 ,16 000,20,9
NP15,29-Dec-09,30-Dec-09,31-Dec-09,53.25,53,53.11,(1.72),18 400,21,11
NP15,30-Dec-09,2-Jan-10,2-Jan-10,47,46.75,46.76,(6.35),8 000,16,10
NP15,31-Dec-09,4-Jan-10,4-Jan-10,53.5,52,52.47,5.71 ,23 600,44,11
NP15,4-Jan-10,5-Jan-10,5-Jan-10,54.55,54.05,54.37,1.90 ,8 800,20,11
NP15,5-Jan-10,6-Jan-10,6-Jan-10,53.25,52.75,53.09,(1.28),35 200,64,16
NP15,6-Jan-10,7-Jan-10,7-Jan-10,52,51.25,51.51,(1.58),13 600,28,17
NP15,7-Jan-10,8-Jan-10,9-Jan-10,56.5,53.25,54.08,2.57 ,65 600,71,17
NP15,8-Jan-10,11-Jan-10,11-Jan-10,51.15,50.8,51.01,(3.07),27 600,53,19
NP15,11-Jan-10,12-Jan-10,12-Jan-10,50.75,50,50.18,(0.83),23 200,39,11
NP15,12-Jan-10,13-Jan-10,14-Jan-10,51.25,51,51.12,0.94 ,44 000,34,11
NP15,13-Jan-10,15-Jan-10,16-Jan-10,48.75,48.5,48.72,(2.40),36 000,29,12
NP15,14-Jan-10,18-Jan-10,18-Jan-10,51.25,50.25,50.87,2.15 ,18 000,24,10
NP15,15-Jan-10,19-Jan-10,19-Jan-10,51,50.45,50.84,(0.03),6 800,13,9
NP15,19-Jan-10,20-Jan-10,20-Jan-10,54.1,53,53.39,2.55 ,23 200,41,11
NP15,20-Jan-10,21-Jan-10,21-Jan-10,55,54.5,54.82,1.43 ,17 200,42,20
NP15,21-Jan-10,22-Jan-10,23-Jan-10,50.75,50.25,50.5,(4.32),41 600,30,8
NP15,22-Jan-10,25-Jan-10,25-Jan-10,54.5,54.25,54.38,3.88 ,24 000,26,11
NP15,25-Jan-10,26-Jan-10,26-Jan-10,54.5,54.35,54.41,0.03 ,12 800,31,11
NP15,26-Jan-10,27-Jan-10,28-Jan-10,52.5,51.75,52.08,(2.33),30 400,27,12
NP15,27-Jan-10,29-Jan-10,30-Jan-10,48.6,48,48.23,(3.85),23 200,25,10
NP15,29-Jan-10,1-Feb-10,1-Feb-10,49.75,49,49.41,1.18 ,17 200,33,9
NP15,1-Feb-10,2-Feb-10,2-Feb-10,49.75,49.3,49.44,0.03 ,20 800,41,14
NP15,2-Feb-10,3-Feb-10,3-Feb-10,51.75,51.25,51.61,2.17 ,16 000,27,11
NP15,3-Feb-10,4-Feb-10,4-Feb-10,52.25,51.9,52.02,0.41 ,13 200,29,8
NP15,4-Feb-10,5-Feb-10,6-Feb-10,49.5,49.1,49.35,(2.67),30 400,26,12
NP15,5-Feb-10,8-Feb-10,8-Feb-10,52.25,52,52.05,2.70 ,10 800,26,9
NP15,8-Feb-10,9-Feb-10,9-Feb-10,50.75,50.5,50.61,(1.44),7 600,17,8
NP15,9-Feb-10,10-Feb-10,11-Feb-10,49.25,48.9,48.98,(1.63),54 400,58,11
NP15,10-Feb-10,12-Feb-10,13-Feb-10,50,48.75,49.2,0.22 ,20 000,23,12
NP15,11-Feb-10,15-Feb-10,15-Feb-10,51.25,50.9,51.11,1.91 ,14 400,31,10
NP15,12-Feb-10,16-Feb-10,16-Feb-10,48.75,47.75,48.13,(2.98),32 000,42,11
NP15,16-Feb-10,17-Feb-10,17-Feb-10,48.25,47.75,47.99,(0.14),21 200,36,10
NP15,17-Feb-10,18-Feb-10,18-Feb-10,46.25,46,46.15,(1.84),18 400,37,12
NP15,18-Feb-10,19-Feb-10,20-Feb-10,44.25,43.45,44,(2.15),21 600,20,10
NP15,19-Feb-10,22-Feb-10,22-Feb-10,44.95,43.5,44.26,0.26 ,17 600,32,7
NP15,22-Feb-10,23-Feb-10,23-Feb-10,45.5,45,45.33,1.07 ,22 400,22,7
NP15,23-Feb-10,24-Feb-10,25-Feb-10,46.4,46.25,46.34,1.01 ,32 800,34,11
NP15,24-Feb-10,26-Feb-10,27-Feb-10,45,44.5,44.78,(1.56),11 200,13,8
NP15,26-Feb-10,1-Mar-10,1-Mar-10,43.8,43,43.53,(1.25),21 600,50,9
NP15,1-Mar-10,2-Mar-10,2-Mar-10,43,42.5,42.69,(0.84),12 400,20,8
NP15,2-Mar-10,3-Mar-10,3-Mar-10,43.2,43,43.15,0.46 ,12 000,12,9
NP15,3-Mar-10,4-Mar-10,4-Mar-10,43.35,43.1,43.28,0.13 ,11 600,16,6
NP15,4-Mar-10,5-Mar-10,6-Mar-10,42.75,42,42.43,(0.85),22 400,27,11
NP15,5-Mar-10,8-Mar-10,8-Mar-10,44.5,43.75,44.06,1.63 ,12 000,25,6
NP15,8-Mar-10,9-Mar-10,9-Mar-10,48.05,47,47.8,3.74 ,16 800,28,12
NP15,9-Mar-10,10-Mar-10,10-Mar-10,48.75,48.5,48.74,0.94 ,10 400,17,8
NP15,10-Mar-10,11-Mar-10,11-Mar-10,48.25,48.1,48.21,(0.53),11 200,24,7
NP15,11-Mar-10,12-Mar-10,13-Mar-10,45.5,45,45.27,(2.94),19 200,14,8
NP15,12-Mar-10,15-Mar-10,15-Mar-10,45.25,44.75,45.11,(0.16),16 800,30,11
NP15,15-Mar-10,16-Mar-10,16-Mar-10,48.35,48.2,48.24,3.13 ,9 600,17,9
NP15,16-Mar-10,17-Mar-10,17-Mar-10,47.5,46.75,47.1,(1.14),12 800,21,12
NP15,17-Mar-10,18-Mar-10,18-Mar-10,47.2,46.9,47.01,(0.09),10 800,25,9
NP15,18-Mar-10,19-Mar-10,20-Mar-10,42.3,41.5,41.78,(5.23),34 400,37,11
NP15,19-Mar-10,22-Mar-10,22-Mar-10,42.25,41.45,41.94,0.16 ,8 000,17,9
NP15,22-Mar-10,23-Mar-10,23-Mar-10,43.25,43,43.07,1.13 ,14 400,36,12
NP15,23-Mar-10,24-Mar-10,24-Mar-10,43.75,43.6,43.67,0.60 ,6 000,13,8
NP15,24-Mar-10,25-Mar-10,25-Mar-10,42.5,41.5,42.01,(1.66),14 000,28,10
NP15,25-Mar-10,26-Mar-10,27-Mar-10,40.25,40,40.13,(1.88),1 600,2,3
NP15,26-Mar-10,29-Mar-10,29-Mar-10,40.3,39.75,40.07,(0.06),31 600,59,12
NP15,29-Mar-10,30-Mar-10,30-Mar-10,41.25,40.85,41.14,1.07 ,16 800,35,9
NP15,30-Mar-10,31-Mar-10,31-Mar-10,40,39.75,39.83,(1.31),7 200,14,6
NP15,31-Mar-10,1-Apr-10,3-Apr-10,38.75,38.5,38.57,(1.26),21 600,6,5
NP15,1-Apr-10,5-Apr-10,5-Apr-10,39.25,38.75,38.92,0.35 ,11 600,19,7
NP15,5-Apr-10,6-Apr-10,6-Apr-10,38.9,38.25,38.49,(0.43),8 000,19,6
NP15,6-Apr-10,7-Apr-10,7-Apr-10,41.75,41.35,41.52,3.03 ,15 600,31,15
NP15,7-Apr-10,8-Apr-10,8-Apr-10,42.25,42,42.15,0.63 ,4 000,10,6
NP15,8-Apr-10,9-Apr-10,10-Apr-10,41.25,40,40.58,(1.57),47 200,29,11
NP15,9-Apr-10,12-Apr-10,12-Apr-10,41.25,40.75,40.86,0.28 ,14 800,21,7
NP15,12-Apr-10,13-Apr-10,13-Apr-10,40.9,40,40.54,(0.32),10 000,16,5
NP15,13-Apr-10,14-Apr-10,14-Apr-10,40.5,40.25,40.33,(0.21),6 400,11,6
NP15,14-Apr-10,15-Apr-10,15-Apr-10,43.25,43,43.17,2.84 ,10 400,17,10
NP15,15-Apr-10,16-Apr-10,17-Apr-10,38.25,38,38.06,(5.11),29 600,21,6
NP15,16-Apr-10,19-Apr-10,19-Apr-10,39,38.75,38.98,0.92 ,10 800,22,11
NP15,19-Apr-10,20-Apr-10,20-Apr-10,37.45,36.9,37.26,(1.72),27 600,36,13
NP15,20-Apr-10,21-Apr-10,21-Apr-10,36.9,36,36.57,(0.69),22 800,34,9
NP15,21-Apr-10,22-Apr-10,22-Apr-10,37.75,37,37.47,0.90 ,20 800,31,10
NP15,22-Apr-10,23-Apr-10,24-Apr-10,35.35,34.75,35.27,(2.20),72 000,56,12
NP15,23-Apr-10,26-Apr-10,26-Apr-10,37.25,37.05,37.23,1.96 ,15 600,31,9
NP15,26-Apr-10,27-Apr-10,27-Apr-10,38.25,37.55,38.08,0.85 ,12 800,21,9
NP15,27-Apr-10,28-Apr-10,29-Apr-10,36.4,35.8,36.14,(1.94),82 400,67,15
NP15,28-Apr-10,30-Apr-10,30-Apr-10,35.7,35.3,35.53,(0.61),13 600,26,9
NP15,29-Apr-10,1-May-10,1-May-10,33.75,32.75,33.51,(2.02),23 600,31,8
NP15,30-Apr-10,3-May-10,3-May-10,37.85,37.65,37.73,4.22 ,24 000,47,10
NP15,3-May-10,4-May-10,4-May-10,34.5,34.4,34.5,(3.23),20 800,40,12
NP15,4-May-10,5-May-10,5-May-10,37.5,36.75,37.12,2.62 ,19 200,36,14
NP15,5-May-10,6-May-10,6-May-10,36,35.75,35.81,(1.31),10 000,23,11
NP15,6-May-10,7-May-10,8-May-10,32.5,32.05,32.28,(3.53),16 000,13,7
NP15,7-May-10,10-May-10,10-May-10,35,34.5,34.69,2.41 ,12 800,28,7
NP15,10-May-10,11-May-10,11-May-10,35,35,35,0.31 ,13 200,25,12
NP15,11-May-10,12-May-10,12-May-10,35.75,35.45,35.55,0.55 ,6 000,9,5
NP15,12-May-10,13-May-10,13-May-10,36.2,35.9,36.06,0.51 ,4 800,9,6
NP15,13-May-10,14-May-10,15-May-10,35.05,34.75,34.84,(1.22),18 400,22,11
NP15,14-May-10,17-May-10,17-May-10,36,35,35.87,1.03 ,22 400,46,12
NP15,17-May-10,18-May-10,18-May-10,36.25,36,36.11,0.24 ,14 400,28,10
NP15,18-May-10,19-May-10,19-May-10,36.5,35.65,36.05,(0.06),18 400,37,11
NP15,19-May-10,20-May-10,20-May-10,34,33.7,33.95,(2.10),23 600,39,11
NP15,20-May-10,21-May-10,22-May-10,33,32,32.76,(1.19),15 200,12,7
NP15,21-May-10,24-May-10,24-May-10,33.75,33.35,33.52,0.76 ,10 800,18,10
NP15,24-May-10,25-May-10,25-May-10,32.5,32,32.37,(1.15),9 200,17,6
NP15,25-May-10,26-May-10,27-May-10,34.25,33.75,33.92,1.55 ,15 200,14,9
NP15,26-May-10,28-May-10,29-May-10,31.25,30.75,30.94,(2.98),19 200,16,8
NP15,28-May-10,1-Jun-10,1-Jun-10,36.5,35.3,35.47,4.53 ,15 200,28,10
NP15,1-Jun-10,2-Jun-10,2-Jun-10,33.6,33.4,33.49,(1.98),13 200,26,7
NP15,2-Jun-10,3-Jun-10,3-Jun-10,33.5,32.75,32.95,(0.54),8 400,11,8
NP15,3-Jun-10,4-Jun-10,5-Jun-10,35.5,34.5,35.15,2.20 ,30 400,25,11
NP15,4-Jun-10,7-Jun-10,7-Jun-10,41.25,39.5,41.1,5.95 ,9 200,17,9
NP15,7-Jun-10,8-Jun-10,8-Jun-10,36,35.25,35.43,(5.67),20 800,42,9
NP15,8-Jun-10,9-Jun-10,9-Jun-10,36.35,35.8,36.16,0.73 ,28 400,45,11
NP15,9-Jun-10,10-Jun-10,10-Jun-10,33.6,33,33.25,(2.91),15 200,32,10
NP15,10-Jun-10,11-Jun-10,12-Jun-10,29.35,28.5,28.85,(4.40),52 000,45,10
NP15,11-Jun-10,14-Jun-10,14-Jun-10,37.5,37,37.19,8.34 ,12 800,15,6
NP15,14-Jun-10,15-Jun-10,15-Jun-10,36.25,36,36.12,(1.07),12 000,18,9
NP15,15-Jun-10,16-Jun-10,16-Jun-10,35.1,34.75,34.92,(1.20),1 200,3,5
NP15,16-Jun-10,17-Jun-10,17-Jun-10,36,35.5,35.66,0.74 ,6 000,5,4
NP15,17-Jun-10,18-Jun-10,19-Jun-10,32.75,32.75,32.75,(2.91),11 200,6,3
NP15,18-Jun-10,21-Jun-10,21-Jun-10,36.75,36.5,36.51,3.76 ,8 000,14,5
NP15,21-Jun-10,22-Jun-10,22-Jun-10,37,36.25,36.63,0.12 ,19 200,23,10
NP15,22-Jun-10,23-Jun-10,23-Jun-10,37.5,37,37.33,0.70 ,4 000,10,8
NP15,23-Jun-10,24-Jun-10,24-Jun-10,35.75,35.5,35.62,(1.71),8 400,12,7
NP15,24-Jun-10,25-Jun-10,26-Jun-10,34,32.5,33.63,(1.99),44 800,47,10
NP15,25-Jun-10,28-Jun-10,28-Jun-10,40.8,39.5,39.81,6.18 ,22 400,38,12
NP15,28-Jun-10,29-Jun-10,29-Jun-10,41,40.4,40.7,0.89 ,9 200,12,9
NP15,29-Jun-10,30-Jun-10,30-Jun-10,38.25,37.75,37.96,(2.74),6 400,11,9
NP15,30-Jun-10,1-Jul-10,1-Jul-10,37.25,36.5,36.87,(1.09),21 600,28,9
NP15,1-Jul-10,2-Jul-10,3-Jul-10,34,33.75,33.98,(2.89),49 600,26,7
NP15,2-Jul-10,6-Jul-10,6-Jul-10,41.5,40.65,40.93,6.95 ,12 400,31,12
NP15,6-Jul-10,7-Jul-10,7-Jul-10,40.25,38,38.95,(1.98),3 200,6,7
NP15,7-Jul-10,8-Jul-10,8-Jul-10,38,38,38,(0.95),7 200,9,6
NP15,8-Jul-10,9-Jul-10,10-Jul-10,36.25,36.25,36.25,(1.75),11 200,13,6
NP15,9-Jul-10,12-Jul-10,12-Jul-10,40,39.25,39.46,3.21 ,17 200,33,8
NP15,12-Jul-10,13-Jul-10,13-Jul-10,36.5,35.75,36.31,(3.15),9 600,18,8
NP15,13-Jul-10,14-Jul-10,14-Jul-10,38,37.75,37.87,1.56 ,15 600,20,9
NP15,14-Jul-10,15-Jul-10,15-Jul-10,45.5,42.75,43.56,5.69 ,15 600,35,15
NP15,15-Jul-10,16-Jul-10,17-Jul-10,46.25,45.5,46.13,2.57 ,18 400,17,9
NP15,16-Jul-10,19-Jul-10,19-Jul-10,45.75,45,45.4,(0.73),12 800,21,9
NP15,19-Jul-10,20-Jul-10,20-Jul-10,44.75,44.25,44.5,(0.90),1 600,4,6
NP15,20-Jul-10,21-Jul-10,21-Jul-10,43.75,43.5,43.69,(0.81),10 400,25,6
NP15,21-Jul-10,22-Jul-10,22-Jul-10,43,42.5,42.79,(0.90),14 800,20,10
NP15,22-Jul-10,23-Jul-10,24-Jul-10,41,39.55,40.39,(2.40),8 000,6,6
NP15,23-Jul-10,26-Jul-10,26-Jul-10,43,42.25,42.44,2.05 ,7 200,14,8
NP15,26-Jul-10,27-Jul-10,27-Jul-10,43.5,42.9,43.17,0.73 ,6 000,15,8
NP15,27-Jul-10,28-Jul-10,28-Jul-10,41,40.5,40.67,(2.50),9 200,20,11
NP15,28-Jul-10,29-Jul-10,29-Jul-10,40.6,40.4,40.47,(0.20),3 600,9,7
NP15,29-Jul-10,30-Jul-10,31-Jul-10,40,39,39.35,(1.12),26 400,25,11
NP15,30-Jul-10,2-Aug-10,2-Aug-10,42.5,41,41.48,2.13 ,9 600,14,9
NP15,2-Aug-10,3-Aug-10,3-Aug-10,41.25,40.75,40.98,(0.50),7 600,15,9
NP15,3-Aug-10,4-Aug-10,4-Aug-10,39.5,39.3,39.49,(1.49),5 600,14,7
NP15,4-Aug-10,5-Aug-10,5-Aug-10,40,39.75,39.95,0.46 ,4 400,9,5
NP15,5-Aug-10,6-Aug-10,7-Aug-10,35.25,35,35.11,(4.84),14 400,16,8
NP15,6-Aug-10,9-Aug-10,9-Aug-10,36.1,35.75,35.92,0.81 ,6 400,8,6
NP15,9-Aug-10,10-Aug-10,10-Aug-10,36.25,35.9,36.06,0.14 ,14 800,30,12
NP15,10-Aug-10,11-Aug-10,11-Aug-10,36.8,36.5,36.64,0.58 ,7 600,14,7
NP15,11-Aug-10,12-Aug-10,12-Aug-10,38.25,38.25,38.25,1.61 ,1 200,3,3
NP15,12-Aug-10,13-Aug-10,14-Aug-10,36.75,36.25,36.42,(1.83),24 000,30,13
NP15,13-Aug-10,16-Aug-10,16-Aug-10,45.5,44.75,45.01,8.59 ,7 600,10,8
NP15,16-Aug-10,17-Aug-10,17-Aug-10,39.4,39,39.26,(5.75),10 000,15,7
NP15,17-Aug-10,18-Aug-10,18-Aug-10,36.1,35.75,36,(3.26),14 400,21,10
NP15,18-Aug-10,19-Aug-10,19-Aug-10,35.55,35.45,35.48,(0.52),10 400,11,11
NP15,19-Aug-10,20-Aug-10,21-Aug-10,36,35.25,35.62,0.14 ,24 800,21,12
NP15,20-Aug-10,23-Aug-10,23-Aug-10,42.25,40.25,41.66,6.04 ,17 200,31,10
NP15,23-Aug-10,24-Aug-10,24-Aug-10,52.75,50,52.25,10.59 ,22 800,30,10
NP15,24-Aug-10,25-Aug-10,25-Aug-10,48.75,48,48.51,(3.74),10 000,21,8
NP15,25-Aug-10,26-Aug-10,26-Aug-10,45,44.5,44.67,(3.84),1 200,3,4
NP15,26-Aug-10,27-Aug-10,28-Aug-10,35,34.25,34.5,(10.17),4 000,5,4
NP15,27-Aug-10,30-Aug-10,30-Aug-10,33,32.75,32.8,(1.70),13 600,24,10
NP15,30-Aug-10,31-Aug-10,31-Aug-10,32.75,32,32.49,(0.31),9 600,19,11
NP15,31-Aug-10,1-Sep-10,2-Sep-10,38.5,38.1,38.43,5.94 ,19 200,21,11
NP15,1-Sep-10,3-Sep-10,4-Sep-10,38,37.7,37.96,(0.47),28 000,33,9
NP15,3-Sep-10,7-Sep-10,7-Sep-10,34.5,34,34.08,(3.88),4 800,11,7
NP15,7-Sep-10,8-Sep-10,8-Sep-10,35.25,34.85,34.98,0.90 ,5 200,12,8
NP15,8-Sep-10,9-Sep-10,9-Sep-10,34.75,34,34.31,(0.67),9 200,20,9
NP15,9-Sep-10,10-Sep-10,11-Sep-10,32.5,32.25,32.38,(1.93),10 400,4,6
NP15,10-Sep-10,13-Sep-10,13-Sep-10,37.25,36.5,36.84,4.46 ,4 000,10,8
NP15,13-Sep-10,14-Sep-10,14-Sep-10,38.75,37.75,38.21,1.37 ,9 200,16,8
NP15,14-Sep-10,15-Sep-10,15-Sep-10,40.45,40.1,40.25,2.04 ,4 400,8,8
NP15,15-Sep-10,16-Sep-10,16-Sep-10,40.5,39.75,40.05,(0.20),7 200,17,9
NP15,16-Sep-10,17-Sep-10,18-Sep-10,37.5,37.5,37.5,(2.55),8 800,8,7
NP15,17-Sep-10,20-Sep-10,20-Sep-10,38.1,37.75,37.83,0.33 ,4 400,10,8
NP15,20-Sep-10,21-Sep-10,21-Sep-10,36.75,36.5,36.71,(1.12),5 600,14,11
NP15,21-Sep-10,22-Sep-10,22-Sep-10,35.25,35,35.06,(1.65),1 600,3,4
NP15,22-Sep-10,23-Sep-10,23-Sep-10,36,35.75,35.97,0.91 ,3 200,7,6
NP15,23-Sep-10,24-Sep-10,25-Sep-10,40,39.75,39.77,3.80 ,9 600,12,8
NP15,24-Sep-10,27-Sep-10,27-Sep-10,51.25,51,51.01,11.24 ,10 400,20,12
NP15,27-Sep-10,28-Sep-10,28-Sep-10,49,47.75,48.24,(2.77),8 800,16,8
NP15,28-Sep-10,29-Sep-10,29-Sep-10,46.6,46,46.49,(1.75),4 000,7,8
NP15,29-Sep-10,30-Sep-10,30-Sep-10,45.5,45.25,45.37,(1.12),4 800,9,5
NP15,30-Sep-10,1-Oct-10,2-Oct-10,41.25,41,41.12,(4.25),12 000,13,9
NP15,1-Oct-10,4-Oct-10,4-Oct-10,39,39,39,(2.12),1 200,2,2
NP15,4-Oct-10,5-Oct-10,5-Oct-10,35.25,35,35.18,(3.82),2 800,7,6
NP15,5-Oct-10,6-Oct-10,6-Oct-10,35.75,35.5,35.68,0.50 ,6 000,15,9
NP15,6-Oct-10,7-Oct-10,7-Oct-10,34.25,33.5,33.82,(1.86),11 600,26,10
NP15,7-Oct-10,8-Oct-10,9-Oct-10,34,33.75,33.88,0.06 ,15 200,10,6
NP15,8-Oct-10,11-Oct-10,11-Oct-10,40,40,40,6.12 ,1 600,4,2
NP15,11-Oct-10,12-Oct-10,12-Oct-10,42.25,42.25,42.25,2.25 ,3 200,7,5
NP15,12-Oct-10,13-Oct-10,13-Oct-10,44.75,44.75,44.75,2.50 ,1 200,3,3
NP15,14-Oct-10,15-Oct-10,16-Oct-10,37.5,37.3,37.44,(7.31),16 800,20,10
NP15,15-Oct-10,18-Oct-10,18-Oct-10,35.5,35.25,35.31,(2.13),10 800,15,10
NP15,18-Oct-10,19-Oct-10,19-Oct-10,36.25,35.85,36.1,0.79 ,2 800,6,9
NP15,19-Oct-10,20-Oct-10,20-Oct-10,36.5,36.4,36.45,0.35 ,3 600,9,5
NP15,20-Oct-10,21-Oct-10,21-Oct-10,36.5,36.25,36.42,(0.03),1 200,3,5
NP15,21-Oct-10,22-Oct-10,23-Oct-10,34.5,34.25,34.3,(2.12),8 000,10,4
NP15,22-Oct-10,25-Oct-10,25-Oct-10,33.75,33.25,33.63,(0.67),11 600,15,6
NP15,25-Oct-10,26-Oct-10,26-Oct-10,35,34.75,34.89,1.26 ,11 200,26,11
NP15,26-Oct-10,27-Oct-10,28-Oct-10,36.75,36.5,36.52,1.63 ,45 600,15,9
NP15,27-Oct-10,29-Oct-10,30-Oct-10,36,35.75,35.8,(0.72),8 000,7,6
NP15,29-Oct-10,1-Nov-10,1-Nov-10,39.65,39.5,39.52,3.72 ,2 800,4,5
NP15,1-Nov-10,2-Nov-10,2-Nov-10,38,37.25,37.56,(1.96),15 600,36,14
NP15,2-Nov-10,3-Nov-10,3-Nov-10,38,37.75,37.91,0.35 ,14 000,29,13
NP15,3-Nov-10,4-Nov-10,4-Nov-10,38.6,38.2,38.47,0.56 ,17 200,18,10
NP15,4-Nov-10,5-Nov-10,6-Nov-10,36,35.65,35.81,(2.66),7 200,7,6
NP15,8-Nov-10,9-Nov-10,9-Nov-10,35,34.5,34.95,(0.86),5 200,13,9
NP15,9-Nov-10,10-Nov-10,11-Nov-10,39.75,39.6,39.67,4.72 ,23 200,21,11
NP15,10-Nov-10,12-Nov-10,13-Nov-10,37.55,37.4,37.49,(2.18),5 600,7,7
NP15,12-Nov-10,15-Nov-10,15-Nov-10,35.75,34.9,35.08,(2.41),6 000,15,10
NP15,15-Nov-10,16-Nov-10,16-Nov-10,35.6,35.5,35.56,0.48 ,3 600,6,7
NP15,16-Nov-10,17-Nov-10,17-Nov-10,36.15,35.75,35.96,0.40 ,3 600,9,9
NP15,17-Nov-10,18-Nov-10,18-Nov-10,36.75,36.1,36.22,0.26 ,4 000,10,5
NP15,18-Nov-10,19-Nov-10,20-Nov-10,37.25,37,37.06,0.84 ,3 200,4,4
NP15,19-Nov-10,22-Nov-10,22-Nov-10,42,41.5,41.95,4.89 ,4 000,3,5
NP15,22-Nov-10,23-Nov-10,24-Nov-10,45.85,45,45.34,3.39 ,18 400,18,9
NP15,23-Nov-10,26-Nov-10,27-Nov-10,37.5,36,36.17,(9.17),13 600,14,8
NP15,24-Nov-10,29-Nov-10,29-Nov-10,40.05,40,40.04,3.87 ,4 400,11,7
NP15,29-Nov-10,30-Nov-10,30-Nov-10,44.25,44,44.22,4.18 ,14 800,32,15
NP15,30-Nov-10,1-Dec-10,1-Dec-10,44.75,44.5,44.71,0.49 ,5 600,8,7
NP15,1-Dec-10,2-Dec-10,2-Dec-10,43.65,43.25,43.33,(1.38),2 000,2,4
NP15,2-Dec-10,3-Dec-10,4-Dec-10,38.5,38.5,38.5,(4.83),800,1,2
NP15,3-Dec-10,6-Dec-10,6-Dec-10,39.5,38.75,38.98,0.48 ,4 000,9,7
NP15,6-Dec-10,7-Dec-10,7-Dec-10,41.75,41.25,41.6,2.62 ,2 000,5,4
NP15,7-Dec-10,8-Dec-10,8-Dec-10,42,42,42,0.40 ,7 600,14,12
NP15,8-Dec-10,9-Dec-10,9-Dec-10,41,40.5,40.61,(1.39),8 000,18,9
NP15,9-Dec-10,10-Dec-10,11-Dec-10,38.5,38.5,38.5,(2.11),8 800,6,6
NP15,10-Dec-10,13-Dec-10,13-Dec-10,40,38.75,39.21,0.71 ,7 200,18,9
NP15,13-Dec-10,14-Dec-10,14-Dec-10,40,39.75,39.85,0.64 ,3 200,6,5
NP15,14-Dec-10,15-Dec-10,15-Dec-10,39.5,39.5,39.5,(0.35),4 400,11,7
NP15,15-Dec-10,16-Dec-10,16-Dec-10,39.4,39.25,39.28,(0.22),2 400,3,4
NP15,16-Dec-10,17-Dec-10,18-Dec-10,37,37,37,(2.28),800,1,2
NP15,17-Dec-10,20-Dec-10,20-Dec-10,36.5,36.25,36.39,(0.61),4 800,8,4
NP15,20-Dec-10,21-Dec-10,21-Dec-10,37,35.5,36.41,0.02 ,1 600,4,6
NP15,21-Dec-10,22-Dec-10,23-Dec-10,34.75,34.75,34.75,(1.66),4 800,6,7
NP15,22-Dec-10,24-Dec-10,24-Dec-10,32,31.25,31.97,(2.78),9 200,8,6
NP15,23-Dec-10,27-Dec-10,27-Dec-10,35,35,35,3.03 ,4 800,4,6
NP15,27-Dec-10,28-Dec-10,29-Dec-10,35.2,35.2,35.2,0.20 ,800,1,2
NP15,28-Dec-10,30-Dec-10,31-Dec-10,36.45,36.4,36.43,1.23 ,2 400,3,2
NP15,30-Dec-10,3-Jan-11,3-Jan-11,37.85,37.55,37.76,1.33 ,2 800,7,5
NP15,3-Jan-11,4-Jan-11,4-Jan-11,40.5,40.35,40.43,2.67 ,3 200,8,3
NP15,4-Jan-11,5-Jan-11,5-Jan-11,41,40.85,40.97,0.54 ,2 000,2,3
NP15,6-Jan-11,7-Jan-11,8-Jan-11,36.25,36.25,36.25,(4.72),3 200,1,2
NP15,10-Jan-11,11-Jan-11,11-Jan-11,39.05,39,39.02,2.77 ,1 200,2,2
NP15,12-Jan-11,14-Jan-11,15-Jan-11,36.25,36.25,36.25,(2.77),3 200,2,3
NP15,13-Jan-11,17-Jan-11,17-Jan-11,36.75,36.5,36.63,0.38 ,1 600,4,3
NP15,14-Jan-11,18-Jan-11,18-Jan-11,35.8,35.8,35.8,(0.83),400,1,2
NP15,18-Jan-11,19-Jan-11,19-Jan-11,35.95,35.4,35.78,(0.02),1 600,3,4
NP15,20-Jan-11,21-Jan-11,22-Jan-11,33.55,33.55,33.55,(2.23),800,1,2
NP15,28-Jan-11,31-Jan-11,31-Jan-11,37.9,37.75,37.83,4.28 ,1 600,3,3
NP15,31-Jan-11,1-Feb-11,1-Feb-11,41.05,40.45,40.65,2.82 ,10 400,20,11
NP15,1-Feb-11,2-Feb-11,2-Feb-11,41.25,41.25,41.25,0.60 ,2 800,6,5
NP15,2-Feb-11,3-Feb-11,3-Feb-11,50,45,49.09,7.84 ,11 600,21,9
NP15,3-Feb-11,4-Feb-11,5-Feb-11,42,42,42,(7.09),4 000,5,4
NP15,4-Feb-11,7-Feb-11,7-Feb-11,40.75,40,40.16,(1.84),6 400,8,6
NP15,8-Feb-11,9-Feb-11,9-Feb-11,36,35.75,35.8,(4.36),4 400,8,6
NP15,9-Feb-11,10-Feb-11,10-Feb-11,35.5,35.5,35.5,(0.30),1 200,3,2
NP15,10-Feb-11,11-Feb-11,12-Feb-11,33.5,33.35,33.44,(2.06),4 000,5,3
NP15,11-Feb-11,14-Feb-11,14-Feb-11,37.6,37.25,37.45,4.01 ,4 800,8,7
NP15,14-Feb-11,15-Feb-11,15-Feb-11,35.25,35,35.13,(2.32),800,2,3
NP15,15-Feb-11,16-Feb-11,17-Feb-11,35.25,35.25,35.25,0.12 ,800,1,2
NP15,16-Feb-11,18-Feb-11,19-Feb-11,35.25,35,35.19,(0.06),7 200,6,6
NP15,17-Feb-11,21-Feb-11,21-Feb-11,35.75,35.5,35.63,0.44 ,800,2,2
NP15,18-Feb-11,22-Feb-11,22-Feb-11,36,35.75,35.92,0.29 ,1 200,3,4
NP15,22-Feb-11,23-Feb-11,23-Feb-11,36.75,36.75,36.75,0.83 ,1 200,3,4
NP15,23-Feb-11,24-Feb-11,24-Feb-11,37,36.75,36.88,0.13 ,1 600,4,3
NP15,24-Feb-11,25-Feb-11,26-Feb-11,34.75,34,34.28,(2.60),10 400,10,8
NP15,25-Feb-11,28-Feb-11,28-Feb-11,35.5,35.5,35.5,1.22 ,400,1,2
NP15,28-Feb-11,1-Mar-11,1-Mar-11,35.9,35.9,35.9,0.40 ,800,1,2
NP15,1-Mar-11,2-Mar-11,2-Mar-11,34.5,34.25,34.43,(1.47),6 400,8,7
NP15,2-Mar-11,3-Mar-11,3-Mar-11,30.75,30.75,30.75,(3.68),800,2,3
NP15,3-Mar-11,4-Mar-11,5-Mar-11,29.25,29,29.13,(1.62),4 800,4,6
NP15,4-Mar-11,7-Mar-11,7-Mar-11,32.5,32,32.25,3.12 ,1 200,3,4
NP15,7-Mar-11,8-Mar-11,8-Mar-11,30.55,30.25,30.35,(1.90),4 400,8,10
NP15,9-Mar-11,10-Mar-11,10-Mar-11,31.9,31.5,31.58,1.23 ,2 000,5,7
NP15,10-Mar-11,11-Mar-11,12-Mar-11,28.5,28.5,28.5,(3.08),800,1,2
NP15,15-Mar-11,16-Mar-11,16-Mar-11,31.5,31.25,31.43,2.93 ,2 800,6,6
NP15,16-Mar-11,17-Mar-11,17-Mar-11,31.6,31.5,31.55,0.12 ,3 200,3,3
NP15,17-Mar-11,18-Mar-11,19-Mar-11,31.25,31,31.13,(0.42),1 600,2,2
NP15,18-Mar-11,21-Mar-11,21-Mar-11,33,32.25,32.93,1.80 ,4 400,3,3
NP15,21-Mar-11,22-Mar-11,22-Mar-11,33.25,33,33.17,0.24 ,1 200,3,4
NP15,22-Mar-11,23-Mar-11,23-Mar-11,32,32,32,(1.17),800,2,3
NP15,23-Mar-11,24-Mar-11,24-Mar-11,33.5,33.5,33.5,1.50 ,6 000,8,6
NP15,24-Mar-11,25-Mar-11,26-Mar-11,33.5,33.5,33.5,0.00 ,3 200,4,2
NP15,25-Mar-11,28-Mar-11,28-Mar-11,33.25,32.75,33,(0.50),3 600,7,10
NP15,28-Mar-11,29-Mar-11,29-Mar-11,34,33.85,33.9,0.90 ,2 400,6,5
NP15,29-Mar-11,30-Mar-11,30-Mar-11,33,32.6,32.67,(1.23),2 400,3,5
NP15,30-Mar-11,31-Mar-11,31-Mar-11,34.75,34.25,34.56,1.89 ,3 200,5,5
NP15,4-Apr-11,5-Apr-11,5-Apr-11,33,33,33,(1.56),400,1,2
NP15,7-Apr-11,8-Apr-11,9-Apr-11,27.05,27,27.03,(5.97),1 600,2,2
NP15,8-Apr-11,11-Apr-11,11-Apr-11,32.75,32.5,32.58,5.55 ,6 400,5,4
NP15,13-Apr-11,14-Apr-11,14-Apr-11,33,32.5,32.89,0.31 ,2 800,4,5
NP15,14-Apr-11,15-Apr-11,16-Apr-11,28.5,28.25,28.38,(4.51),1 600,2,4
NP15,15-Apr-11,18-Apr-11,18-Apr-11,36,35.75,35.88,7.50 ,800,2,2
NP15,18-Apr-11,19-Apr-11,19-Apr-11,35.45,35.25,35.31,(0.57),2 000,5,6
NP15,20-Apr-11,22-Apr-11,23-Apr-11,34.2,33.5,33.85,(1.46),1 600,2,3
NP15,21-Apr-11,25-Apr-11,25-Apr-11,33.75,33.5,33.74,(0.11),10 000,10,5
NP15,25-Apr-11,26-Apr-11,26-Apr-11,34.5,33.25,33.94,0.20 ,14 400,25,12
NP15,26-Apr-11,27-Apr-11,27-Apr-11,37.25,37,37.08,3.14 ,2 400,4,5
NP15,27-Apr-11,28-Apr-11,28-Apr-11,35.75,35.25,35.63,(1.45),2 400,4,5
NP15,28-Apr-11,29-Apr-11,30-Apr-11,30.25,30.25,30.25,(5.38),1 600,2,2
NP15,29-Apr-11,2-May-11,2-May-11,40,39,39.27,9.02 ,9 200,14,9
NP15,2-May-11,3-May-11,3-May-11,43,42.5,42.66,3.39 ,2 800,7,7
NP15,4-May-11,5-May-11,5-May-11,43,42,42.29,(0.37),15 200,30,13
NP15,5-May-11,6-May-11,7-May-11,33.75,33.75,33.75,(8.54),800,1,2
NP15,6-May-11,9-May-11,9-May-11,32.25,32.25,32.25,(1.50),1 600,4,2
NP15,10-May-11,11-May-11,11-May-11,33.6,33.5,33.52,1.27 ,2 000,5,5
NP15,11-May-11,12-May-11,12-May-11,34.5,33.75,34.08,0.56 ,1 200,3,5
NP15,12-May-11,13-May-11,14-May-11,30.25,30.25,30.25,(3.83),800,1,2
NP15,13-May-11,16-May-11,16-May-11,34,34,34,3.75 ,400,1,2
NP15,17-May-11,18-May-11,18-May-11,31,30.75,30.88,(3.12),1 600,4,5
NP15,18-May-11,19-May-11,19-May-11,32.25,31,31.82,0.94 ,6 400,16,12
NP15,19-May-11,20-May-11,21-May-11,29,27.6,28.23,(3.59),23 200,15,12
NP15,20-May-11,23-May-11,23-May-11,31.75,31.75,31.75,3.52 ,3 600,7,5
NP15,23-May-11,24-May-11,24-May-11,30.75,30.75,30.75,(1.00),800,2,2
NP15,27-May-11,31-May-11,31-May-11,31.25,31,31.06,0.31 ,1 600,3,4
NP15,31-May-11,1-Jun-11,1-Jun-11,33.25,33,33.08,2.02 ,1 200,3,4
NP15,1-Jun-11,2-Jun-11,2-Jun-11,34,34,34,0.92 ,1 600,3,2
NP15,3-Jun-11,6-Jun-11,6-Jun-11,35.75,35.25,35.58,1.58 ,1 200,3,3
NP15,6-Jun-11,7-Jun-11,7-Jun-11,36,35.7,35.81,0.23 ,7 200,13,12
NP15,7-Jun-11,8-Jun-11,8-Jun-11,36.25,36.25,36.25,0.44 ,1 600,4,4
NP15,8-Jun-11,9-Jun-11,9-Jun-11,38.2,37.05,37.44,1.19 ,1 600,4,7
NP15,10-Jun-11,13-Jun-11,13-Jun-11,40,40,40,2.56 ,800,1,2
NP15,13-Jun-11,14-Jun-11,14-Jun-11,39,39,39,(1.00),2 000,5,5
NP15,14-Jun-11,15-Jun-11,15-Jun-11,38.75,38.25,38.56,(0.44),3 600,9,6
NP15,15-Jun-11,16-Jun-11,16-Jun-11,37.25,37.25,37.25,(1.31),1 600,3,4
NP15,16-Jun-11,17-Jun-11,18-Jun-11,29.75,29.1,29.45,(7.80),3 200,3,4
NP15,17-Jun-11,20-Jun-11,20-Jun-11,37.75,37.75,37.75,8.30 ,1 600,4,4
NP15,20-Jun-11,21-Jun-11,21-Jun-11,44.75,43,43.96,6.21 ,11 600,26,17
NP15,21-Jun-11,22-Jun-11,22-Jun-11,46.75,45.5,45.79,1.83 ,14 000,31,16
NP15,22-Jun-11,23-Jun-11,23-Jun-11,40,40,40,(5.79),400,1,2
NP15,23-Jun-11,24-Jun-11,25-Jun-11,29.75,29.5,29.58,(10.42),2 400,3,4
NP15,24-Jun-11,27-Jun-11,27-Jun-11,37,36.25,36.5,6.92 ,2 800,6,8
NP15,27-Jun-11,28-Jun-11,28-Jun-11,37,36.25,36.67,0.17 ,5 200,13,6
NP15,28-Jun-11,29-Jun-11,30-Jun-11,35.25,35.25,35.25,(1.42),1 600,2,2
NP15,29-Jun-11,1-Jul-11,2-Jul-11,38.25,38.25,38.25,3.00 ,800,1,2
NP15,5-Jul-11,6-Jul-11,6-Jul-11,48,47.75,47.88,9.63 ,1 600,3,4
NP15,6-Jul-11,7-Jul-11,7-Jul-11,42.5,42,42.22,(5.66),3 200,7,4
NP15,7-Jul-11,8-Jul-11,9-Jul-11,38.25,37.5,37.83,(4.39),8 000,8,5
NP15,8-Jul-11,11-Jul-11,11-Jul-11,38.25,37.75,38.1,0.27 ,4 800,10,6
NP15,11-Jul-11,12-Jul-11,12-Jul-11,37.5,37.25,37.35,(0.75),4 800,10,7
NP15,12-Jul-11,13-Jul-11,13-Jul-11,36,35,35.28,(2.07),7 200,15,10
NP15,13-Jul-11,14-Jul-11,14-Jul-11,35.75,34.75,35.2,(0.08),15 200,21,5
NP15,14-Jul-11,15-Jul-11,16-Jul-11,31.85,31.5,31.72,(3.48),21 600,27,8
NP15,15-Jul-11,18-Jul-11,18-Jul-11,38.9,38.75,38.77,7.05 ,6 400,13,6
NP15,18-Jul-11,19-Jul-11,19-Jul-11,39,38.5,38.89,0.12 ,5 600,14,6
NP15,19-Jul-11,20-Jul-11,20-Jul-11,39.75,39.75,39.75,0.86 ,4 400,3,4
NP15,20-Jul-11,21-Jul-11,21-Jul-11,40.25,39.5,39.89,0.14 ,1 600,4,6
NP15,21-Jul-11,22-Jul-11,23-Jul-11,37.25,36.95,37.09,(2.80),7 200,9,10
NP15,22-Jul-11,25-Jul-11,25-Jul-11,40,39.8,39.93,2.84 ,1 200,3,3
NP15,25-Jul-11,26-Jul-11,26-Jul-11,38,38,38,(1.93),400,1,2
NP15,27-Jul-11,29-Jul-11,30-Jul-11,39.25,39,39.05,1.05 ,4 000,5,6
NP15,29-Jul-11,1-Aug-11,1-Aug-11,45,44.5,44.75,5.70 ,800,2,3
NP15,1-Aug-11,2-Aug-11,2-Aug-11,42.5,42.5,42.5,(2.25),8 000,11,7
NP15,2-Aug-11,3-Aug-11,3-Aug-11,42.75,42.75,42.75,0.25 ,800,2,2
NP15,3-Aug-11,4-Aug-11,4-Aug-11,41.25,41,41.06,(1.69),5 200,9,7
NP15,4-Aug-11,5-Aug-11,6-Aug-11,36.75,36.6,36.7,(4.36),12 000,15,5
NP15,8-Aug-11,9-Aug-11,9-Aug-11,36.5,36.5,36.5,(0.20),400,1,2
NP15,9-Aug-11,10-Aug-11,10-Aug-11,36.25,36.25,36.25,(0.25),8 000,16,5
NP15,10-Aug-11,11-Aug-11,11-Aug-11,35.75,35.5,35.69,(0.56),5 200,13,7
NP15,11-Aug-11,12-Aug-11,13-Aug-11,34.5,33.5,33.82,(1.87),18 400,15,6
NP15,12-Aug-11,15-Aug-11,15-Aug-11,37.95,37.75,37.85,4.03 ,800,2,3
NP15,17-Aug-11,18-Aug-11,18-Aug-11,42,41.75,41.98,4.13 ,4 400,7,5
NP15,19-Aug-11,22-Aug-11,22-Aug-11,38.75,38.5,38.55,(3.43),2 000,5,5
NP15,22-Aug-11,23-Aug-11,23-Aug-11,40.5,40.5,40.5,1.95 ,800,2,2
NP15,23-Aug-11,24-Aug-11,24-Aug-11,41.25,41,41.15,0.65 ,2 000,5,6
NP15,24-Aug-11,25-Aug-11,25-Aug-11,43.5,43,43.21,2.06 ,6 800,17,6
NP15,25-Aug-11,26-Aug-11,27-Aug-11,40.5,40.5,40.5,(2.71),800,1,2
NP15,29-Aug-11,30-Aug-11,30-Aug-11,41.5,41,41.4,0.90 ,5 600,14,7
NP15,30-Aug-11,31-Aug-11,31-Aug-11,38.25,37.75,38.03,(3.37),12 800,11,7
NP15,31-Aug-11,1-Sep-11,1-Sep-11,39,38.9,38.94,0.91 ,2 000,5,5
NP15,1-Sep-11,2-Sep-11,3-Sep-11,39.7,39.7,39.7,0.76 ,1 600,2,3
NP15,2-Sep-11,6-Sep-11,6-Sep-11,47.5,47,47.11,7.41 ,2 800,7,6
NP15,6-Sep-11,7-Sep-11,7-Sep-11,50,50,50,2.89 ,1 600,4,4
NP15,13-Sep-11,14-Sep-11,14-Sep-11,36.75,36.5,36.63,(13.37),800,2,3
NP15,14-Sep-11,15-Sep-11,15-Sep-11,37,36.5,36.75,0.12 ,6 000,11,8
NP15,15-Sep-11,16-Sep-11,17-Sep-11,35.25,35.25,35.25,(1.50),6 400,5,5
NP15,19-Sep-11,20-Sep-11,20-Sep-11,42,41.5,41.67,6.42 ,22 000,41,15
NP15,20-Sep-11,21-Sep-11,21-Sep-11,43.25,43.25,43.25,1.58 ,400,1,2
NP15,21-Sep-11,22-Sep-11,22-Sep-11,44.25,43,43.96,0.71 ,4 000,10,7
NP15,22-Sep-11,23-Sep-11,24-Sep-11,38.5,38.5,38.5,(5.46),8 800,11,6
NP15,26-Sep-11,27-Sep-11,27-Sep-11,38.25,38.25,38.25,(0.25),1 200,3,5
NP15,27-Sep-11,28-Sep-11,29-Sep-11,41.85,41.75,41.75,3.50 ,17 600,19,10
NP15,28-Sep-11,30-Sep-11,30-Sep-11,38.5,38.5,38.5,(3.25),800,2,4
NP15,29-Sep-11,1-Oct-11,1-Oct-11,35.5,35.25,35.42,(3.08),1 200,3,6
NP15,30-Sep-11,3-Oct-11,3-Oct-11,35.5,35.25,35.38,(0.04),1 200,3,5
NP15,4-Oct-11,5-Oct-11,5-Oct-11,33.75,33,33.53,(1.85),4 400,9,7
NP15,5-Oct-11,6-Oct-11,6-Oct-11,32.75,32.5,32.55,(0.98),4 000,8,5
NP15,6-Oct-11,7-Oct-11,8-Oct-11,31.5,31.25,31.44,(1.11),3 200,4,5
NP15,7-Oct-11,10-Oct-11,10-Oct-11,32.25,31.5,31.83,0.39 ,2 400,4,5
NP15,11-Oct-11,12-Oct-11,12-Oct-11,37.1,36.5,36.61,4.78 ,8 800,12,4
NP15,17-Oct-11,18-Oct-11,18-Oct-11,38.25,38,38.08,1.47 ,2 400,6,2
NP15,19-Oct-11,20-Oct-11,20-Oct-11,35.15,34.25,34.34,(3.74),7 600,19,8
NP15,20-Oct-11,21-Oct-11,22-Oct-11,32.6,32.25,32.37,(1.97),8 000,10,11
NP15,25-Oct-11,26-Oct-11,26-Oct-11,35.35,35,35.21,2.84 ,5 200,13,6
NP15,27-Oct-11,28-Oct-11,29-Oct-11,34.5,34.5,34.5,(0.71),800,1,2
NP15,28-Oct-11,31-Oct-11,31-Oct-11,35,35,35,0.50 ,1 600,4,3
NP15,31-Oct-11,1-Nov-11,1-Nov-11,37.5,37,37.06,2.06 ,14 000,21,10
NP15,1-Nov-11,2-Nov-11,2-Nov-11,38,37.35,37.84,0.78 ,1 600,4,3
NP15,2-Nov-11,3-Nov-11,3-Nov-11,41.7,40.5,40.86,3.02 ,10 800,18,12
NP15,3-Nov-11,4-Nov-11,5-Nov-11,41,40.5,40.83,(0.03),2 400,3,2
NP15,4-Nov-11,7-Nov-11,7-Nov-11,39,39,39,(1.83),400,1,2
NP15,7-Nov-11,8-Nov-11,8-Nov-11,39.75,39.75,39.75,0.75 ,1 200,3,4
NP15,8-Nov-11,9-Nov-11,10-Nov-11,40.4,40,40.11,0.36 ,4 800,6,5
NP15,15-Nov-11,16-Nov-11,16-Nov-11,34.5,34.5,34.5,(5.61),400,1,2
NP15,21-Nov-11,22-Nov-11,23-Nov-11,33.2,33.1,33.14,(1.36),4 000,5,6
NP15,22-Nov-11,25-Nov-11,26-Nov-11,31.25,31.25,31.25,(1.89),2 400,3,3
NP15,23-Nov-11,28-Nov-11,28-Nov-11,32.25,31.85,32.06,0.81 ,2 800,6,6
NP15,28-Nov-11,29-Nov-11,29-Nov-11,34.75,34.75,34.75,2.69 ,400,1,2
NP15,30-Nov-11,1-Dec-11,1-Dec-11,36.5,36.5,36.5,1.75 ,1 600,2,3
NP15,5-Dec-11,6-Dec-11,6-Dec-11,37.25,36,36.55,0.05 ,2 400,6,6
NP15,6-Dec-11,7-Dec-11,7-Dec-11,37,36.8,36.85,0.30 ,2 400,6,5
NP15,7-Dec-11,8-Dec-11,8-Dec-11,38.25,38,38.06,1.21 ,6 000,15,7
NP15,12-Dec-11,13-Dec-11,13-Dec-11,37.5,37,37.21,(0.85),3 200,5,7
NP15,13-Dec-11,14-Dec-11,14-Dec-11,36.45,36.4,36.43,(0.78),1 600,4,2
NP15,14-Dec-11,15-Dec-11,15-Dec-11,36,36,36,(0.43),400,1,2
NP15,16-Dec-11,19-Dec-11,19-Dec-11,34,34,34,(2.00),1 600,4,5
NP15,19-Dec-11,20-Dec-11,20-Dec-11,31.5,31.5,31.5,(2.50),800,2,3
NP15,20-Dec-11,21-Dec-11,22-Dec-11,32.25,32.25,32.25,0.75 ,800,1,2
NP15,21-Dec-11,23-Dec-11,24-Dec-11,30,29.75,29.88,(2.37),3 200,4,4
NP15,27-Dec-11,28-Dec-11,29-Dec-11,31.25,31,31.19,1.31 ,3 200,3,6
NP15,30-Dec-11,3-Jan-12,3-Jan-12,30,29.7,29.85,(1.34),800,2,4
NP15,01/03/12,01/04/12,01/04/12,30.4,30,30.2,0.35 ,1 600,3,5
NP15,01/04/12,01/05/12,01/05/12,29.25,29,29.18,(1.02),2 400,6,4
NP15,01/06/12,01/09/12,01/09/12,30,29,29.5,0.32 ,7 200,18,8
NP15,01/09/12,01/10/12,01/10/12,32.25,31.75,32.08,2.58 ,6 400,15,8
NP15,01/10/12,01/11/12,01/11/12,31.5,31.3,31.44,(0.64),3 600,8,6
NP15,01/11/12,01/12/12,01/13/12,29.9,29.75,29.83,(1.61),1 600,2,4
NP15,01/12/12,01/14/12,01/14/12,27.95,27.35,27.62,(2.21),2 000,4,6
NP15,01/13/12,01/16/12,01/17/12,30.15,30.15,30.15,2.53 ,4 800,6,5
NP15,01/17/12,01/18/12,01/18/12,30.25,29.25,29.43,(0.72),2 400,6,6
NP15,01/18/12,01/19/12,01/19/12,31.75,31,31.42,1.99 ,1 200,3,6
NP15,01/20/12,01/23/12,01/23/12,28,27.5,27.69,(3.73),3 600,7,7
NP15,01/23/12,01/24/12,01/24/12,29.75,29.5,29.69,2.00 ,2 800,7,6
NP15,01/24/12,01/25/12,01/25/12,29.5,28.6,29.31,(0.38),4 400,10,7
NP15,01/25/12,01/26/12,01/26/12,29.75,29.5,29.58,0.27 ,6 800,13,6
NP15,01/26/12,01/27/12,01/28/12,29.25,27.8,28.26,(1.32),3 200,4,5
NP15,01/27/12,01/30/12,01/30/12,29.25,29.25,29.25,0.99 ,800,1,2
NP15,01/30/12,01/31/12,01/31/12,30,29.5,29.66,0.41 ,2 000,5,5
NP15,01/31/12,02/01/12,02/01/12,27.85,27.5,27.63,(2.03),2 000,4,6
NP15,02/01/12,02/02/12,02/02/12,28.5,28.25,28.38,0.75 ,800,2,4
NP15,02/03/12,02/06/12,02/06/12,28.75,28.75,28.75,0.37 ,400,1,2
NP15,02/08/12,02/09/12,02/09/12,27.75,27.75,27.75,(1.00),800,2,2
NP15,02/10/12,02/13/12,02/13/12,27,27,27,(0.75),800,1,2
NP15,02/13/12,02/14/12,02/14/12,28.25,28.25,28.25,1.25 ,1 200,3,2
NP15,02/14/12,02/15/12,02/15/12,28,27.75,27.92,(0.33),1 200,2,4
NP15,02/15/12,02/16/12,02/17/12,27.75,27.75,27.75,(0.17),800,1,2
NP15,02/17/12,02/20/12,02/21/12,28,28,28,0.25 ,800,1,2
NP15,02/22/12,02/23/12,02/23/12,26,26,26,(2.00),400,1,2
NP15,02/29/12,03/01/12,03/01/12,27.75,27.25,27.56,1.56 ,12 400,25,13
NP15,03/02/12,03/05/12,03/05/12,26.75,26.75,26.75,(0.81),400,1,2
NP15,03/06/12,03/07/12,03/07/12,25.25,25.25,25.25,(1.50),400,1,2
NP15,03/07/12,03/08/12,03/08/12,24.4,24.3,24.37,(0.88),3 600,7,5
NP15,03/09/12,03/12/12,03/12/12,24.25,24.25,24.25,(0.12),1 200,3,3
NP15,03/12/12,03/13/12,03/13/12,23.25,23.25,23.25,(1.00),1 600,3,2
NP15,03/13/12,03/14/12,03/14/12,23.35,23.25,23.33,0.08 ,2 000,4,4
NP15,03/14/12,03/15/12,03/15/12,23.5,23.35,23.43,0.10 ,800,2,4
NP 15,03/19/12,03/20/12,03/20/12,25.1,25.1,25.1,1.60 ,400,1,2
NP 15,03/21/12,03/22/12,03/22/12,25.5,25.5,25.5,0.40 ,400,1,2
NP 15,03/22/12,03/23/12,03/24/12,21,21,21,(4.50),800,1,2
NP 15,03/23/12,03/26/12,03/26/12,23.25,23.25,23.25,2.25 ,400,1,2
NP 15,03/26/12,03/27/12,03/27/12,23.5,23.25,23.33,0.08 ,1 200,2,4
NP 15,03/27/12,03/28/12,03/28/12,22.75,22.5,22.68,(0.65),6 000,15,6
NP 15,03/28/12,03/29/12,03/29/12,22.25,22,22.16,(0.52),3 200,7,4
NP 15,03/30/12,04/02/12,04/02/12,23.75,23.25,23.71,1.55 ,10 400,14,8
NP 15,04/02/12,04/03/12,04/03/12,26.25,23.5,24.13,0.42 ,8 800,16,6
NP 15,04/05/12,04/09/12,04/09/12,23.25,23.25,23.25,(0.88),1 600,2,2
NP 15,04/09/12,04/10/12,04/10/12,23,22,22.33,(0.92),2 400,6,4
NP 15,04/10/12,04/11/12,04/11/12,24,23.9,23.99,1.66 ,9 200,14,8
NP 15,04/11/12,04/12/12,04/12/12,24,23.6,23.87,(0.12),6 000,14,6
NP 15,04/12/12,04/13/12,04/14/12,22.5,22.25,22.38,(1.49),1 600,2,4
NP 15,04/13/12,04/16/12,04/16/12,24.75,24.5,24.73,2.35 ,8 400,7,6
NP 15,04/16/12,04/17/12,04/17/12,23,23,23,(1.73),800,2,3
NP 15,04/17/12,04/18/12,04/18/12,24.25,23.75,23.88,0.88 ,1 600,2,4
NP 15,04/18/12,04/19/12,04/19/12,24,23.5,23.8,(0.08),4 400,7,8
NP 15,04/19/12,04/20/12,04/21/12,26,24.5,25.16,1.36 ,6 400,6,8
NP 15,04/20/12,04/23/12,04/23/12,25.75,25.5,25.58,0.42 ,10 400,22,9
NP 15,04/23/12,04/24/12,04/24/12,25.75,25.25,25.58,0.00 ,5 200,10,8
NP 15,04/24/12,04/25/12,04/25/12,26.25,25.5,25.74,0.16 ,12 800,32,13
NP 15,04/25/12,04/26/12,04/26/12,23.25,22.5,22.94,(2.80),1 600,4,5
NP 15,04/26/12,04/27/12,04/28/12,22.25,22,22.22,(0.72),17 600,18,8
NP 15,04/27/12,04/30/12,04/30/12,25.5,24.5,25.14,2.92 ,5 600,10,7
NP 15,04/30/12,05/01/12,05/01/12,22,22,22,(3.14),1 200,3,4
NP 15,05/02/12,05/03/12,05/03/12,24,23.5,23.81,1.81 ,1 600,4,5
NP 15,05/03/12,05/04/12,05/05/12,23,22,22.5,(1.31),4 800,6,6
NP 15,05/04/12,05/07/12,05/07/12,25,25,25,2.50 ,5 600,12,5
NP 15,05/07/12,05/08/12,05/08/12,27.45,27.25,27.27,2.27 ,8 800,21,11
NP 15,05/08/12,05/09/12,05/09/12,30,29.5,29.75,2.48 ,4 800,9,7
NP 15,05/10/12,05/11/12,05/12/12,27.25,26.5,26.91,(2.84),5 600,6,6
NP 15,05/11/12,05/14/12,05/14/12,30.75,30.5,30.55,3.64 ,2 000,5,5
NP 15,05/14/12,05/15/12,05/15/12,30,29.75,29.8,(0.75),5 600,12,8
NP 15,05/15/12,05/16/12,05/16/12,26.75,26.75,26.75,(3.05),4 000,8,3
NP 15,05/18/12,05/21/12,05/21/12,27.75,27.75,27.75,1.00 ,400,1,2
NP 15,05/21/12,05/22/12,05/22/12,27.5,26.5,27,(0.75),3 200,8,5
NP 15,05/22/12,05/23/12,05/23/12,26.5,26.5,26.5,(0.50),2 400,6,7
NP 15,05/23/12,05/24/12,05/25/12,25.25,25,25.15,(1.35),10 400,8,6
NP 15,05/24/12,05/26/12,05/26/12,23.5,23.1,23.21,(1.94),1 600,3,4
NP 15,05/29/12,05/30/12,05/30/12,30,28.5,28.91,5.70 ,13 600,21,9
NP 15,05/30/12,05/31/12,05/31/12,32.25,31,31.75,2.84 ,4 400,7,6
NP 15,05/31/12,06/01/12,06/02/12,31.5,31,31.26,(0.49),12 000,12,7
NP 15,06/01/12,06/04/12,06/04/12,28.75,28,28.27,(2.99),10 000,18,10
NP 15,06/04/12,06/05/12,06/05/12,27.5,27,27.25,(1.02),1 600,3,4
NP 15,06/05/12,06/06/12,06/06/12,26.75,26,26.15,(1.10),8 800,14,8
NP 15,06/06/12,06/07/12,06/07/12,25.25,25.25,25.25,(0.90),2 400,5,4
NP 15,06/07/12,06/08/12,06/09/12,23.5,23.5,23.5,(1.75),4 000,3,4
NP 15,06/08/12,06/11/12,06/11/12,33,30,31.15,7.65 ,11 200,25,11
NP 15,06/13/12,06/14/12,06/14/12,26.5,26,26.24,(4.91),4 800,9,8
NP 15,06/14/12,06/15/12,06/16/12,30.25,29.5,29.65,3.41 ,17 600,21,8
NP 15,06/15/12,06/18/12,06/18/12,35.5,35.1,35.29,5.64 ,6 000,12,9
NP 15,06/19/12,06/20/12,06/20/12,33.25,33.25,33.25,(2.04),1 600,4,5
NP 15,06/20/12,06/21/12,06/21/12,32.5,32,32.33,(0.92),4 800,12,6
NP 15,06/21/12,06/22/12,06/23/12,27,27,27,(5.33),800,1,2
NP 15,06/22/12,06/25/12,06/25/12,28,28,28,1.00 ,1 200,3,2
NP 15,06/25/12,06/26/12,06/26/12,28,27.5,27.95,(0.05),4 400,8,6
NP 15,06/26/12,06/27/12,06/27/12,28.25,28,28.08,0.13 ,1 200,2,4
NP 15,06/27/12,06/28/12,06/28/12,31,30.5,30.83,2.75 ,5 200,9,7
NP 15,06/28/12,06/29/12,06/30/12,27.25,27.25,27.25,(3.58),1 600,2,2
NP 15,06/29/12,07/02/12,07/02/12,32,32,32,4.75 ,2 400,6,4
NP 15,07/02/12,07/03/12,07/03/12,27.5,27.5,27.5,(4.50),1 600,1,2
NP 15,07/03/12,07/05/12,07/05/12,29,28,28.48,0.98 ,5 200,11,8
NP 15,07/05/12,07/06/12,07/07/12,28.75,28.5,28.7,0.22 ,4 000,5,5
NP 15,07/06/12,07/09/12,07/09/12,37,36.5,36.84,8.14 ,9 200,14,10
NP 15,07/09/12,07/10/12,07/10/12,40.5,40.5,40.5,3.66 ,3 600,7,7
NP 15,07/10/12,07/11/12,07/11/12,41.5,41,41.22,0.72 ,6 000,10,8
NP 15,07/11/12,07/12/12,07/12/12,40.25,39.5,39.85,(1.37),10 800,25,15
NP 15,07/13/12,07/16/12,07/16/12,29.5,29,29.17,(10.68),1 200,3,3
NP 15,07/16/12,07/17/12,07/17/12,27,26.75,26.94,(2.23),5 200,9,5
NP 15,07/17/12,07/18/12,07/18/12,26.7,26.25,26.47,(0.47),2 000,5,4
NP 15,07/19/12,07/20/12,07/21/12,29.25,29,29.19,2.72 ,13 600,11,6
NP 15,07/20/12,07/23/12,07/23/12,34.75,33.5,34,4.81 ,1 200,3,5
NP 15,07/23/12,07/24/12,07/24/12,36,35,35.66,1.66 ,4 400,9,5
NP 15,07/27/12,07/30/12,07/30/12,35,34,34.5,(1.16),1 200,3,4
NP 15,07/30/12,07/31/12,07/31/12,33,33,33,(1.50),800,2,2
NP 15,07/31/12,08/01/12,08/01/12,32.5,31.25,31.57,(1.43),4 400,9,7
NP 15,08/01/12,08/02/12,08/02/12,32.75,32.5,32.57,1.00 ,2 800,7,2
NP 15,08/02/12,08/03/12,08/04/12,33.25,32.25,32.67,0.10 ,2 400,3,5
NP 15,08/03/12,08/06/12,08/06/12,35,34.5,34.8,2.13 ,7 600,16,9
NP 15,08/06/12,08/07/12,08/07/12,41,40,40.17,5.37 ,8 400,21,10
NP 15,08/07/12,08/08/12,08/08/12,45.5,45,45.14,4.97 ,4 400,4,5
NP 15,08/08/12,08/09/12,08/09/12,50,47,48.68,3.54 ,14 800,28,15
NP 15,08/09/12,08/10/12,08/11/12,48.5,48,48.19,(0.49),12 800,12,7
NP 15,08/10/12,08/13/12,08/13/12,48.75,48.25,48.35,0.16 ,2 000,5,6
NP 15,08/13/12,08/14/12,08/14/12,65.5,62.25,63.51,15.16 ,7 600,17,9
NP 15,08/14/12,08/15/12,08/15/12,73.5,68.5,70.25,6.74 ,5 200,11,10
NP 15,08/15/12,08/16/12,08/16/12,68.25,67,67.45,(2.80),5 600,13,7
NP 15,08/16/12,08/17/12,08/18/12,45.25,44.5,44.83,(22.62),2 400,3,5
NP 15,08/17/12,08/20/12,08/20/12,39,38.75,38.84,(5.99),3 200,5,3
NP 15,08/20/12,08/21/12,08/21/12,32.55,32.55,32.55,(6.29),3 200,7,3
NP 15,08/21/12,08/22/12,08/22/12,32.75,32.75,32.75,0.20 ,400,1,2
NP 15,08/22/12,08/23/12,08/23/12,29.75,29.75,29.75,(3.00),400,1,2
NP 15,08/23/12,08/24/12,08/25/12,31.25,31,31.2,1.45 ,4 000,5,4
NP 15,08/24/12,08/27/12,08/27/12,32.75,32,32.38,1.18 ,800,2,3
NP 15,08/27/12,08/28/12,08/28/12,37,36,36.31,3.93 ,8 400,11,6
NP 15,08/30/12,09/01/12,09/01/12,30.75,30.25,30.44,(5.87),1 600,4,3
NP 15,09/04/12,09/05/12,09/05/12,38.75,38.5,38.72,8.28 ,3 200,7,8
NP 15,09/06/12,09/07/12,09/08/12,32.75,32.75,32.75,(5.97),12 800,10,3
NP 15,09/12/12,09/13/12,09/13/12,37.75,37.75,37.75,5.00 ,2 000,5,3
NP 15,09/13/12,09/14/12,09/15/12,41,39,40.17,2.42 ,2 400,3,5
NP 15,09/14/12,09/17/12,09/17/12,39.25,38.75,39,(1.17),2 000,5,7
NP 15,09/17/12,09/18/12,09/18/12,35.5,35.5,35.5,(3.50),400,1,2
NP 15,09/18/12,09/19/12,09/19/12,35.25,34.5,34.88,(0.62),800,2,3
NP 15,09/19/12,09/20/12,09/20/12,35,34.75,34.87,(0.01),5 200,7,6
NP 15,09/24/12,09/25/12,09/25/12,33.5,33,33.25,(1.62),5 200,11,6
NP 15,09/25/12,09/26/12,09/26/12,37.85,37,37.33,4.08 ,12 800,24,10
NP 15,09/26/12,09/27/12,09/28/12,38.75,38,38.37,1.04 ,12 000,13,6
NP 15,09/27/12,09/29/12,09/29/12,38.75,38.5,38.67,0.30 ,1 200,3,4
NP 15,09/28/12,10/01/12,10/01/12,61,61,61,22.33 ,800,2,3
NP 15,10/01/12,10/02/12,10/02/12,65.5,61.75,62.66,(10.01),54 800,107,25
NP 15,10/02/12,10/03/12,10/03/12,55,46,47.1,(15.56),25 200,54,18
NP 15,10/03/12,10/04/12,10/04/12,39.75,39,39.39,(7.71),16 400,36,17
NP 15,10/04/12,10/05/12,10/06/12,36.05,35.5,35.93,(3.46),15 200,19,16
NP 15,10/05/12,10/08/12,10/08/12,36.25,35.25,35.56,(0.37),17 600,33,15
NP 15,10/08/12,10/09/12,10/09/12,37.5,37,37.15,1.59 ,17 600,36,13
NP 15,10/09/12,10/10/12,10/10/12,39,38.25,38.63,1.48 ,13 600,31,13
NP 15,10/10/12,10/11/12,10/11/12,37.5,37,37.41,(1.22),36 400,51,21
NP 15,10/11/12,10/12/12,10/13/12,35.75,35,35.41,(2.00),32 800,22,13
NP 15,10/12/12,10/15/12,10/15/12,45,43.5,43.61,8.20 ,24 400,37,17
NP 15,10/16/12,10/17/12,10/17/12,46.5,45.75,46,3.19 ,4 000,10,7
NP 15,10/17/12,10/18/12,10/18/12,45.25,44.75,45,(1.00),2 000,5,3
NP 15,10/19/12,10/22/12,10/22/12,37.75,37.75,37.75,(7.25),2 800,7,4
NP 15,10/22/12,10/23/12,10/23/12,37.5,37.5,37.5,(0.25),400,1,2
NP 15,10/24/12,10/25/12,10/25/12,36.25,36,36.22,(1.28),3 600,4,6
NP 15,10/25/12,10/26/12,10/27/12,40.25,40,40.17,3.95 ,8 800,10,6
NP 15,10/26/12,10/29/12,10/29/12,42.5,42.5,42.5,2.33 ,1 200,1,2
NP 15,10/29/12,10/30/12,10/30/12,42,41.9,41.96,(0.54),3 200,5,6
NP 15,10/30/12,10/31/12,10/31/12,43,42,42.91,0.95 ,4 400,4,3
NP 15,10/31/12,11/01/12,11/01/12,42.5,42.5,42.5,(0.41),5 200,4,2
NP 15,11/01/12,11/02/12,11/03/12,42.25,42,42.06,(0.44),14 400,15,6
NP 15,11/02/12,11/05/12,11/05/12,47,45.75,46.25,4.19 ,6 400,12,10
NP 15,11/05/12,11/06/12,11/06/12,46,46,46,(0.25),800,2,3
NP 15,11/08/12,11/10/12,11/10/12,36.75,36.5,36.69,(9.31),1 600,4,4
NP 15,11/09/12,11/12/12,11/13/12,38,37.75,37.88,1.19 ,1 600,2,3
NP 15,11/15/12,11/16/12,11/17/12,37.25,37.25,37.25,(0.63),12 000,6,2
NP 15,11/16/12,11/19/12,11/19/12,37.25,36.5,36.99,(0.26),17 200,15,6
NP 15,11/19/12,11/20/12,11/21/12,38.5,38.1,38.25,1.26 ,10 400,7,7
NP 15,11/27/12,11/28/12,11/28/12,37.25,36,36.49,(1.76),8 000,17,9
NP 15,11/28/12,11/29/12,11/30/12,37.25,37,37.09,0.60 ,11 200,14,7
NP 15,11/29/12,12/01/12,12/01/12,36.5,35.5,35.69,(1.40),3 600,4,5
NP 15,12/03/12,12/04/12,12/04/12,37.25,37.25,37.25,1.56 ,400,1,2
NP 15,12/06/12,12/07/12,12/08/12,34,34,34,(3.25),3 200,4,4
NP 15,12/07/12,12/10/12,12/10/12,36.5,36,36.17,2.17 ,1 200,3,5
NP 15,12/10/12,12/11/12,12/11/12,38.25,37.65,37.91,1.74 ,9 600,17,7
NP 15,12/11/12,12/12/12,12/12/12,37.95,37.95,37.95,0.04 ,400,1,2
NP 15,12/13/12,12/14/12,12/15/12,41.75,40.75,41.47,3.52 ,7 200,7,4
NP 15,12/14/12,12/17/12,12/17/12,38,38,38,(3.47),1 200,3,3
NP 15,12/18/12,12/19/12,12/19/12,38,37.5,37.88,(0.12),2 400,5,4
NP 15,12/21/12,12/24/12,12/26/12,35.25,35.25,35.25,(2.63),3 200,4,2
NP 15,12/27/12,12/28/12,12/29/12,32,32,32,(3.25),4 000,5,3
NP 15,01/02/13,01/03/13,01/03/13,41.25,40,40.6,8.60 ,12 400,19,5
NP 15,01/03/13,01/04/13,01/05/13,38.5,38.25,38.47,(2.13),6 400,8,4
NP 15,01/04/13,01/07/13,01/07/13,38.5,38.5,38.5,0.03 ,1 200,3,3
NP 15 EZ Gen DA LMP Peak,12/03/12,12/04/12,12/04/12,37.25,37.25,37.25,1.56 ,400,1,2
NP 15 EZ Gen DA LMP Peak,12/06/12,12/07/12,12/08/12,34,34,34,(3.25),3 200,4,4
NP 15 EZ Gen DA LMP Peak,12/07/12,12/10/12,12/10/12,36.5,36,36.17,2.17 ,1 200,3,5
NP 15 EZ Gen DA LMP Peak,12/10/12,12/11/12,12/11/12,38.25,37.65,37.91,1.74 ,9 600,17,7
NP 15 EZ Gen DA LMP Peak,12/11/12,12/12/12,12/12/12,37.95,37.95,37.95,0.04 ,400,1,2
NP 15 EZ Gen DA LMP Peak,12/13/12,12/14/12,12/15/12,41.75,40.75,41.47,3.52 ,7 200,7,4
NP 15 EZ Gen DA LMP Peak,12/14/12,12/17/12,12/17/12,38,38,38,(3.47),1 200,3,3
NP 15 EZ Gen DA LMP Peak,12/18/12,12/19/12,12/19/12,38,37.5,37.88,(0.12),2 400,5,4
NP 15 EZ Gen DA LMP Peak,12/21/12,12/24/12,12/26/12,35.25,35.25,35.25,(2.63),3 200,4,2
NP 15 EZ Gen DA LMP Peak,12/27/12,12/28/12,12/29/12,32,32,32,(3.25),4 000,5,3
NP 15 EZ Gen DA LMP Peak,01/02/13,01/03/13,01/03/13,41.25,40,40.6,8.60 ,12 400,19,5
NP 15 EZ Gen DA LMP Peak,01/03/13,01/04/13,01/05/13,38.5,38.25,38.47,(2.13),6 400,8,4
NP 15 EZ Gen DA LMP Peak,01/04/13,01/07/13,01/07/13,38.5,38.5,38.5,0.03 ,1 200,3,3
NP 15 EZ Gen DA LMP Peak,01/07/13,01/08/13,01/08/13,40.5,39.75,39.86,1.36 ,7 600,13,9
NP 15 EZ Gen DA LMP Peak,01/08/13,01/09/13,01/09/13,40.75,40.5,40.63,0.77 ,800,2,4
NP 15 EZ Gen DA LMP Peak,01/09/13,01/10/13,01/10/13,38.65,38.65,38.65,(1.98),400,1,2
NP 15 EZ Gen DA LMP Peak,01/10/13,01/11/13,01/12/13,38.25,38,38.07,(0.58),4 000,5,7
NP 15 EZ Gen DA LMP Peak,01/11/13,01/14/13,01/14/13,42,41.5,41.88,3.81 ,4 800,8,6
NP 15 EZ Gen DA LMP Peak,01/14/13,01/15/13,01/15/13,42.75,42.75,42.75,0.87 ,4 800,5,4
NP 15 EZ Gen DA LMP Peak,01/15/13,01/16/13,01/16/13,41.25,40.5,40.95,(1.80),5 600,7,4
NP 15 EZ Gen DA LMP Peak,01/16/13,01/17/13,01/18/13,39.5,39.5,39.5,(1.45),4 000,5,3
NP 15 EZ Gen DA LMP Peak,01/22/13,01/23/13,01/23/13,42,41.5,41.77,2.27 ,4 800,9,7
NP 15 EZ Gen DA LMP Peak,01/23/13,01/24/13,01/24/13,41.25,41,41.13,(0.64),6 400,11,4
NP 15 EZ Gen DA LMP Peak,01/25/13,01/28/13,01/28/13,42.5,42,42.06,0.93 ,9 600,14,7
NP 15 EZ Gen DA LMP Peak,01/28/13,01/29/13,01/29/13,39,38.75,38.88,(3.18),800,2,3
NP 15 EZ Gen DA LMP Peak,01/29/13,01/30/13,01/30/13,38.25,37.75,38.03,(0.85),7 600,15,10
NP 15 EZ Gen DA LMP Peak,01/30/13,01/31/13,01/31/13,38.75,38.5,38.65,0.62 ,4 000,7,6
NP 15 EZ Gen DA LMP Peak,01/31/13,02/01/13,02/02/13,38.75,38.5,38.6,(0.05),4 000,5,3
NP 15 EZ Gen DA LMP Peak,02/01/13,02/04/13,02/04/13,43.75,43.25,43.28,4.68 ,12 000,24,8
NP 15 EZ Gen DA LMP Peak,02/05/13,02/06/13,02/06/13,39,39,39,(4.28),1 200,3,3
NP 15 EZ Gen DA LMP Peak,02/06/13,02/07/13,02/07/13,40.75,40,40.14,1.14 ,12 000,9,7
NP 15 EZ Gen DA LMP Peak,02/07/13,02/08/13,02/09/13,39,38.75,38.87,(1.27),16 800,13,4
NP 15 EZ Gen DA LMP Peak,02/08/13,02/11/13,02/11/13,41,40.75,40.78,1.91 ,3 600,7,4
NP 15 EZ Gen DA LMP Peak,02/11/13,02/12/13,02/12/13,40.75,40,40.39,(0.39),3 600,6,5
NP 15 EZ Gen DA LMP Peak,02/12/13,02/13/13,02/13/13,39.75,39,39.44,(0.95),6 000,9,5
NP 15 EZ Gen DA LMP Peak,02/13/13,02/14/13,02/15/13,39.75,39.5,39.56,0.12 ,4 000,5,7
NP 15 EZ Gen DA LMP Peak,02/14/13,02/16/13,02/16/13,39,38.5,38.79,(0.77),5 600,12,8
NP 15 EZ Gen DA LMP Peak,02/15/13,02/18/13,02/19/13,39.5,39.5,39.5,0.71 ,800,1,2
NP 15 EZ Gen DA LMP Peak,02/21/13,02/22/13,02/23/13,38,38,38,(1.50),800,1,2
NP 15 EZ Gen DA LMP Peak,02/25/13,02/26/13,02/26/13,41.25,41,41.17,3.17 ,1 200,3,4
NP 15 EZ Gen DA LMP Peak,02/26/13,02/27/13,02/27/13,41.5,41.5,41.5,0.33 ,800,2,2
NP 15 EZ Gen DA LMP Peak,02/27/13,02/28/13,02/28/13,42.5,42.5,42.5,1.00 ,5 600,12,4
NP 15 EZ Gen DA LMP Peak,02/28/13,03/01/13,03/02/13,40.75,40.5,40.51,(1.99),28 000,11,5
NP 15 EZ Gen DA LMP Peak,03/05/13,03/06/13,03/06/13,42,42,42,1.49 ,800,2,3
NP 15 EZ Gen DA LMP Peak,03/07/13,03/08/13,03/09/13,41,41,41,(1.00),800,1,2
NP 15 EZ Gen DA LMP Peak,03/08/13,03/11/13,03/11/13,41.5,41.5,41.5,0.50 ,400,1,2
NP 15 EZ Gen DA LMP Peak,03/12/13,03/13/13,03/13/13,41.25,41.25,41.25,(0.25),800,2,2
NP 15 EZ Gen DA LMP Peak,03/14/13,03/15/13,03/16/13,41,40.25,40.41,(0.84),6 400,6,5
NP 15 EZ Gen DA LMP Peak,03/15/13,03/18/13,03/18/13,42,42,42,1.59 ,6 400,12,3
NP 15 EZ Gen DA LMP Peak,03/18/13,03/19/13,03/19/13,44,43.5,43.56,1.56 ,8 000,14,7
NP 15 EZ Gen DA LMP Peak,03/19/13,03/20/13,03/20/13,42.25,42.25,42.25,(1.31),400,1,2
NP 15 EZ Gen DA LMP Peak,03/20/13,03/21/13,03/21/13,42.5,42,42.1,(0.15),4 000,9,7
NP 15 EZ Gen DA LMP Peak,03/21/13,03/22/13,03/23/13,43.25,43,43.18,1.08 ,10 400,12,8
NP 15 EZ Gen DA LMP Peak,03/22/13,03/25/13,03/25/13,46,46,46,2.82 ,800,2,4
NP 15 EZ Gen DA LMP Peak,03/25/13,03/26/13,03/26/13,48.25,48,48.06,2.06 ,3 600,9,9
NP 15 EZ Gen DA LMP Peak,03/26/13,03/27/13,03/28/13,46.25,46,46.08,(1.98),4 800,5,5
NP 15 EZ Gen DA LMP Peak,03/28/13,04/01/13,04/01/13,43,43,43,(3.08),9 600,21,6
NP 15 EZ Gen DA LMP Peak,04/01/13,04/02/13,04/02/13,45.25,43.5,44.35,1.35 ,2 000,5,4
NP 15 EZ Gen DA LMP Peak,04/02/13,04/03/13,04/03/13,43.75,43.25,43.63,(0.72),1 600,4,4
NP 15 EZ Gen DA LMP Peak,04/04/13,04/05/13,04/06/13,41.75,41.5,41.58,(2.05),2 400,3,6
NP 15 EZ Gen DA LMP Peak,04/05/13,04/08/13,04/08/13,45,44.5,44.69,3.11 ,5 200,10,7
NP 15 EZ Gen DA LMP Peak,04/08/13,04/09/13,04/09/13,45.75,45.7,45.73,1.04 ,800,2,2
NP 15 EZ Gen DA LMP Peak,04/09/13,04/10/13,04/10/13,43,43,43,(2.73),800,2,3
NP 15 EZ Gen DA LMP Peak,04/11/13,04/12/13,04/13/13,45.5,45,45.17,2.17 ,2 400,3,4
NP 15 EZ Gen DA LMP Peak,04/12/13,04/15/13,04/15/13,49.25,49,49.13,3.96 ,800,2,2
NP 15 EZ Gen DA LMP Peak,04/15/13,04/16/13,04/16/13,49.25,48.5,48.93,(0.20),4 400,7,8
NP 15 EZ Gen DA LMP Peak,04/16/13,04/17/13,04/17/13,50,49,49.58,0.65 ,3 600,9,7
NP 15 EZ Gen DA LMP Peak,04/17/13,04/18/13,04/18/13,51,51,51,1.42 ,400,1,2
NP 15 EZ Gen DA LMP Peak,04/18/13,04/19/13,04/20/13,46,46,46,(5.00),800,1,2
NP 15 EZ Gen DA LMP Peak,04/22/13,04/23/13,04/23/13,51.5,50.5,51.03,5.03 ,6000,14,8
NP 15 EZ Gen DA LMP Peak,04/23/13,04/24/13,04/24/13,51.75,51.75,51.75,0.72 ,1600,4,4
NP 15 EZ Gen DA LMP Peak,04/25/13,04/26/13,04/27/13,48,48,48,(3.75),800,1,2
NP 15 EZ Gen DA LMP Peak,04/26/13,04/29/13,04/29/13,49,48.75,48.98,0.98 ,5200,9,6
NP 15 EZ Gen DA LMP Peak,04/29/13,04/30/13,04/30/13,48,47.75,47.96,(1.02),2400,5,6
NP 15 EZ Gen DA LMP Peak,04/30/13,05/01/13,05/01/13,49.5,48.25,49.01,1.05 ,7200,16,8
NP 15 EZ Gen DA LMP Peak,05/01/13,05/02/13,05/02/13,51,50.25,50.44,1.43 ,7200,15,7
NP 15 EZ Gen DA LMP Peak,05/03/13,05/06/13,05/06/13,48.5,46,46.52,(3.92),4400,11,8
NP 15 EZ Gen DA LMP Peak,05/06/13,05/07/13,05/07/13,41.5,40.25,40.94,(5.58),1600,4,5
NP 15 EZ Gen DA LMP Peak,05/07/13,05/08/13,05/08/13,41,40.25,40.79,(0.15),2400,6,6
NP 15 EZ Gen DA LMP Peak,05/08/13,05/09/13,05/09/13,39,39,39,(1.79),800,2,3
NP 15 EZ Gen DA LMP Peak,05/09/13,05/10/13,05/11/13,41,41,41,2.00 ,3200,4,3
NP 15 EZ Gen DA LMP Peak,05/10/13,05/13/13,05/13/13,49,49,49,8.00 ,1600,4,6
NP 15 EZ Gen DA LMP Peak,05/13/13,05/14/13,05/14/13,48.5,48.25,48.33,(0.67),2400,4,5
NP 15 EZ Gen DA LMP Peak,05/14/13,05/15/13,05/15/13,45,44,44.7,(3.63),2000,4,5
NP 15 EZ Gen DA LMP Peak,05/15/13,05/16/13,05/16/13,42,41.75,41.84,(2.86),6400,16,10
NP 15 EZ Gen DA LMP Peak,05/16/13,05/17/13,05/18/13,39,38.5,38.83,(3.01),2400,3,5
NP 15 EZ Gen DA LMP Peak,05/17/13,05/20/13,05/20/13,48,47,47.5,8.67 ,1600,4,5
NP 15 EZ Gen DA LMP Peak,05/20/13,05/21/13,05/21/13,42,42,42,(5.50),400,1,2
NP 15 EZ Gen DA LMP Peak,05/21/13,05/22/13,05/22/13,41.25,41,41.04,(0.96),2800,5,5
NP 15 EZ Gen DA LMP Peak,05/22/13,05/23/13,05/24/13,41.5,41.25,41.33,0.29 ,4800,6,6
NP 15 EZ Gen DA LMP Peak,05/23/13,05/25/13,05/25/13,39.5,39.5,39.5,(1.83),400,1,2
NP 15 EZ Gen DA LMP Peak,05/24/13,05/28/13,05/28/13,42,42,42,2.50 ,400,1,2
NP 15 EZ Gen DA LMP Peak,05/28/13,05/29/13,05/29/13,45,44,44.31,2.31 ,3600,5,6
NP 15 EZ Gen DA LMP Peak,05/29/13,05/30/13,05/31/13,48,47,47.67,3.36 ,4800,6,7
NP 15 EZ Gen DA LMP Peak,05/30/13,06/01/13,06/01/13,50,49.25,49.55,1.88 ,4000,10,9
NP 15 EZ Gen DA LMP Peak,05/31/13,06/03/13,06/03/13,51,50.25,50.63,1.08 ,3200,7,5
NP 15 EZ Gen DA LMP Peak,06/03/13,06/04/13,06/04/13,46,45.75,45.88,(4.75),1600,4,5
NP 15 EZ Gen DA LMP Peak,06/04/13,06/05/13,06/05/13,43.65,43.65,43.65,(2.23),3200,4,3
NP 15 EZ Gen DA LMP Peak,06/05/13,06/06/13,06/06/13,47,46.5,46.76,3.11 ,12800,23,11
NP 15 EZ Gen DA LMP Peak,06/06/13,06/07/13,06/08/13,51,48,48.85,2.09 ,21600,27,15
NP 15 EZ Gen DA LMP Peak,06/07/13,06/10/13,06/10/13,42.75,42.5,42.53,(6.32),4000,6,4
NP 15 EZ Gen DA LMP Peak,06/10/13,06/11/13,06/11/13,41,40,40.65,(1.88),4000,10,6
NP 15 EZ Gen DA LMP Peak,06/11/13,06/12/13,06/12/13,39.5,39,39.19,(1.46),2000,5,6
NP 15 EZ Gen DA LMP Peak,06/12/13,06/13/13,06/13/13,39.5,38.75,39.04,(0.15),7600,18,10
NP 15 EZ Gen DA LMP Peak,06/13/13,06/14/13,06/15/13,39,38.75,38.88,(0.16),3200,4,3
NP 15 EZ Gen DA LMP Peak,06/14/13,06/17/13,06/17/13,39.05,39,39.03,0.15 ,800,2,3
NP 15 EZ Gen DA LMP Peak,06/17/13,06/18/13,06/18/13,39.25,38.5,38.86,(0.17),2800,7,6
NP 15 EZ Gen DA LMP Peak,06/18/13,06/19/13,06/19/13,39.75,39.25,39.51,0.65 ,8400,21,14
NP 15 EZ Gen DA LMP Peak,06/19/13,06/20/13,06/20/13,39.25,39,39.13,(0.38),800,2,4
NP 15 EZ Gen DA LMP Peak,06/20/13,06/21/13,06/22/13,39.5,39,39.35,0.22 ,9600,7,7
NP 15 EZ Gen DA LMP Peak,06/21/13,06/24/13,06/24/13,37.75,37.75,37.75,(1.60),400,1,2
NP 15 EZ Gen DA LMP Peak,06/24/13,06/25/13,06/25/13,40,39.5,39.88,2.13 ,5200,8,5
NP 15 EZ Gen DA LMP Peak,06/25/13,06/26/13,06/26/13,44.75,43.75,44.25,4.37 ,4400,10,8
NP 15 EZ Gen DA LMP Peak,06/26/13,06/27/13,06/28/13,52.25,50.5,51.54,7.29 ,16800,20,12
NP 15 EZ Gen DA LMP Peak,06/27/13,06/29/13,06/29/13,53,52.5,52.67,1.13 ,1200,3,2
NP 15 EZ Gen DA LMP Peak,06/28/13,07/01/13,07/01/13,76,69.5,72.06,19.39 ,16000,40,18
NP 15 EZ Gen DA LMP Peak,07/01/13,07/02/13,07/02/13,130,100,108.65,36.59 ,21600,54,20
NP 15 EZ Gen DA LMP Peak,07/02/13,07/03/13,07/03/13,75,70,72.1,(36.55),8800,21,14
NP 15 EZ Gen DA LMP Peak,07/03/13,07/05/13,07/05/13,50,48,49,(23.10),800,2,4
NP 15 EZ Gen DA LMP Peak,07/08/13,07/09/13,07/09/13,50.5,50,50.25,1.25 ,800,2,3
NP 15 EZ Gen DA LMP Peak,07/09/13,07/10/13,07/10/13,47.5,47.5,47.5,(2.75),400,1,2
NP 15 EZ Gen DA LMP Peak,07/10/13,07/11/13,07/11/13,44.5,44.5,44.5,(3.00),400,1,2
NP 15 EZ Gen DA LMP Peak,07/11/13,07/12/13,07/13/13,44.5,44.5,44.5,0.00 ,800,1,2
NP 15 EZ Gen DA LMP Peak,07/12/13,07/15/13,07/15/13,48.5,48.5,48.5,4.00 ,800,2,3
NP 15 EZ Gen DA LMP Peak,07/15/13,07/16/13,07/16/13,47,46.25,46.69,(1.81),1600,4,7
NP 15 EZ Gen DA LMP Peak,07/16/13,07/17/13,07/17/13,42.75,42.5,42.55,(4.14),4800,12,8
NP 15 EZ Gen DA LMP Peak,07/17/13,07/18/13,07/18/13,45.75,45.25,45.41,2.86 ,2800,7,6
NP 15 EZ Gen DA LMP Peak,07/18/13,07/19/13,07/20/13,46.75,46.15,46.63,1.22 ,7200,8,6
NP 15 EZ Gen DA LMP Peak,07/22/13,07/23/13,07/23/13,44,42.75,43.32,(3.31),2 800,7,8
NP 15 EZ Gen DA LMP Peak,07/23/13,07/24/13,07/24/13,43,43,43,(0.32),2 400,6,3
NP 15 EZ Gen DA LMP Peak,07/24/13,07/25/13,07/25/13,44,43.75,43.88,0.88 ,800,2,3
NP 15 EZ Gen DA LMP Peak,07/26/13,07/29/13,07/29/13,43.25,43.25,43.25,(0.63),800,2,3
NP 15 EZ Gen DA LMP Peak,07/30/13,07/31/13,07/31/13,41,41,41,(2.25),400,1,2
NP 15 EZ Gen DA LMP Peak,07/31/13,08/01/13,08/01/13,40.25,40,40.07,(0.93),6 800,11,8
NP 15 EZ Gen DA LMP Peak,08/02/13,08/05/13,08/05/13,40.5,40,40.25,0.18 ,1 600,4,5
NP 15 EZ Gen DA LMP Peak,08/05/13,08/06/13,08/06/13,40.25,40,40.08,(0.17),2 000,5,6
NP 15 EZ Gen DA LMP Peak,08/06/13,08/07/13,08/07/13,40.25,40,40.17,0.09 ,1 200,3,3
NP 15 EZ Gen DA LMP Peak,08/07/13,08/08/13,08/08/13,38.9,38.9,38.9,(1.27),400,1,2
NP 15 EZ Gen DA LMP Peak,08/08/13,08/09/13,08/10/13,37,36.75,36.94,(1.96),3 200,4,4
NP 15 EZ Gen DA LMP Peak,08/09/13,08/12/13,08/12/13,42,41.75,41.92,4.98 ,1 200,3,4
NP 15 EZ Gen DA LMP Peak,08/12/13,08/13/13,08/13/13,41,41,41,(0.92),1 200,3,4
NP 15 EZ Gen DA LMP Peak,08/13/13,08/14/13,08/14/13,41.35,41,41.2,0.20 ,1 200,3,5
NP 15 EZ Gen DA LMP Peak,08/14/13,08/15/13,08/15/13,41.55,41.5,41.53,0.33 ,800,2,3
NP 15 EZ Gen DA LMP Peak,08/16/13,08/19/13,08/19/13,42.25,42,42.04,0.51 ,2 400,6,6
NP 15 EZ Gen DA LMP Peak,08/20/13,08/21/13,08/21/13,46.75,46,46.59,4.55 ,3200,8,7
NP 15 EZ Gen DA LMP Peak,08/21/13,08/22/13,08/22/13,47,46.75,46.92,0.33 ,6000,14,8
NP 15 EZ Gen DA LMP Peak,08/22/13,08/23/13,08/24/13,43.25,42.75,43,(3.92),3200,3,4
NP 15 EZ Gen DA LMP Peak,08/23/13,08/26/13,08/26/13,43.5,43.25,43.33,0.33 ,6000,8,5
NP 15 EZ Gen DA LMP Peak,08/26/13,08/27/13,08/27/13,47,47,47,3.67 ,3200,7,6
NP 15 EZ Gen DA LMP Peak,08/27/13,08/28/13,08/28/13,49,48.5,48.75,1.75 ,2400,6,7
NP 15 EZ Gen DA LMP Peak,08/28/13,08/29/13,08/29/13,49.75,49.6,49.73,0.98 ,2400,6,6
NP 15 EZ Gen DA LMP Peak,08/29/13,08/30/13,08/31/13,46.5,46.25,46.33,(3.40),4000,5,6
NP 15 EZ Gen DA LMP Peak,08/30/13,09/03/13,09/03/13,49,48.75,48.83,2.50 ,1200,3,6
NP 15 EZ Gen DA LMP Peak,09/04/13,09/05/13,09/05/13,52.75,52.75,52.75,3.92 ,400,1,2
NP 15 EZ Gen DA LMP Peak,09/05/13,09/06/13,09/07/13,52,51.25,51.5,(1.25),4000,5,4
NP 15 EZ Gen DA LMP Peak,09/06/13,09/09/13,09/09/13,59,57.5,58.21,6.71 ,2800,7,6
NP 15 EZ Gen DA LMP Peak,09/09/13,09/10/13,09/10/13,53,51,51.72,(6.49),3600,8,3
NP 15 EZ Gen DA LMP Peak,09/10/13,09/11/13,09/11/13,47.25,47.25,47.25,(4.47),1200,3,5
NP 15 EZ Gen DA LMP Peak,09/11/13,09/12/13,09/12/13,46,45.75,45.94,(1.31),1600,4,5
NP 15 EZ Gen DA LMP Peak,09/16/13,09/17/13,09/17/13,42.25,42,42.18,(3.76),6000,15,6
NP 15 EZ Gen DA LMP Peak,09/17/13,09/18/13,09/18/13,42.5,42.5,42.5,0.32 ,1200,3,3
NP 15 EZ Gen DA LMP Peak,09/18/13,09/19/13,09/19/13,43.25,43,43.09,0.59 ,3200,8,6
NP 15 EZ Gen DA LMP Peak,09/20/13,09/23/13,09/23/13,42.5,42,42.35,(0.74),2000,5,5
NP 15 EZ Gen DA LMP Peak,09/24/13,09/25/13,09/25/13,39.5,39.5,39.5,(2.85),2400,3,2
NP 15 EZ Gen DA LMP Peak,09/25/13,09/26/13,09/26/13,38.5,38,38.17,(1.33),2400,6,6
NP 15 EZ Gen DA LMP Peak,09/30/13,10/01/13,10/01/13,40.55,40,40.04,1.87 ,5200,11,6
NP 15 EZ Gen DA LMP Peak,10/01/13,10/02/13,10/02/13,41.15,40.75,40.95,0.91 ,2800,7,6
NP 15 EZ Gen DA LMP Peak,10/02/13,10/03/13,10/03/13,40,39.45,39.66,(1.29),2400,6,6
NP 15 EZ Gen DA LMP Peak,10/03/13,10/04/13,10/05/13,40,40,40,0.34 ,800,1,2
NP 15 EZ Gen DA LMP Peak,10/08/13,10/09/13,10/09/13,39.25,38.65,38.85,(1.15),1200,3,4
NP 15 EZ Gen DA LMP Peak,10/09/13,10/10/13,10/10/13,40.5,40,40.1,1.25 ,2000,4,4
NP 15 EZ Gen DA LMP Peak,10/10/13,10/11/13,10/12/13,38.75,38.75,38.75,(1.35),6400,3,2
NP 15 EZ Gen DA LMP Peak,10/15/13,10/16/13,10/16/13,42.5,41.5,42.14,3.39 ,7600,16,10
NP 15 EZ Gen DA LMP Peak,10/16/13,10/17/13,10/17/13,43.25,42.25,42.83,0.69 ,6000,12,5
NP 15 EZ Gen DA LMP Peak,10/17/13,10/18/13,10/19/13,41.5,41,41.08,(1.75),8000,10,8
NP 15 EZ Gen DA LMP Peak,10/21/13,10/22/13,10/22/13,42.5,41.75,42.05,0.97 ,2000,5,3
NP 15 EZ Gen DA LMP Peak,10/22/13,10/23/13,10/23/13,42.25,42.25,42.25,0.20 ,2400,6,6
NP 15 EZ Gen DA LMP Peak,10/23/13,10/24/13,10/24/13,42.25,41.8,42.01,(0.24),2800,6,7
NP 15 EZ Gen DA LMP Peak,10/24/13,10/25/13,10/26/13,41.5,41,41.1,(0.91),4000,4,6
NP 15 EZ Gen DA LMP Peak,10/25/13,10/28/13,10/28/13,41,40.25,40.49,(0.61),6400,15,6
NP 15 EZ Gen DA LMP Peak,10/28/13,10/29/13,10/29/13,43.25,42,42.88,0.59 ,20800,24,17
NP 15 EZ Gen DA LMP Peak,10/29/13,10/30/13,10/30/13,41,40.25,40.39,(2.49),32000,32,17
NP 15 EZ Gen DA LMP Peak,10/30/13,10/31/13,10/31/13,39.25,38.8,39.07,(1.32),17600,20,16
NP 15 EZ Gen DA LMP Peak,10/31/13,11/01/13,11/01/13,35.75,34.75,35.2,(3.87),26400,32,18
NP 15 EZ Gen DA LMP Peak,11/01/13,11/04/13,11/04/13,50.5,50.25,50.31,15.11 ,10400,12,8
NP 15 EZ Gen DA LMP Peak,11/04/13,11/05/13,11/05/13,44,43,43.52,(6.79),11200,13,14
NP 15 EZ Gen DA LMP Peak,11/05/13,11/06/13,11/06/13,37,37,37,(6.52),12800,15,13
NP 15 EZ Gen DA LMP Peak,11/06/13,11/07/13,11/07/13,36,35.9,35.98,(1.02),8000,10,5
NP 15 EZ Gen DA LMP Peak,11/07/13,11/08/13,11/08/13,40,39.55,39.88,3.90 ,6400,8,11
NP 15 EZ Gen DA LMP Peak,11/12/13,11/13/13,11/13/13,46.05,46,46.01,2.30 ,2400,6,5
NP 15 EZ Gen DA LMP Peak,11/13/13,11/14/13,11/14/13,44,43.5,43.69,(2.32),1600,4,5
NP 15 EZ Gen DA LMP Peak,11/14/13,11/15/13,11/16/13,40,40,40,(3.69),12000,10,7
NP 15 EZ Gen DA LMP Peak,11/15/13,11/18/13,11/18/13,42,42,42,2.00 ,7600,5,4
NP 15 EZ Gen DA LMP Peak,11/18/13,11/19/13,11/19/13,42.5,42.4,42.41,0.41 ,3600,7,4
NP 15 EZ Gen DA LMP Peak,11/19/13,11/20/13,11/20/13,43.25,42.25,42.54,0.13 ,5200,10,7
NP 15 EZ Gen DA LMP Peak,11/20/13,11/21/13,11/21/13,44.5,44.25,44.45,1.91 ,4000,9,5
NP 15 EZ Gen DA LMP Peak,11/22/13,11/25/13,11/25/13,45,44.75,44.88,0.43 ,800,2,2
NP 15 EZ Gen DA LMP Peak,11/25/13,11/26/13,11/27/13,46.25,46.25,46.25,1.37 ,800,1,2
NP 15 EZ Gen DA LMP Peak,11/27/13,12/02/13,12/02/13,49,47.5,48.32,2.07 ,12400,30,8
NP 15 EZ Gen DA LMP Peak,12/02/13,12/03/13,12/03/13,48.75,47.5,48.03,(0.29),12400,27,14
NP 15 EZ Gen DA LMP Peak,12/03/13,12/04/13,12/04/13,55,48,53.47,5.44 ,14800,35,16
NP 15 EZ Gen DA LMP Peak,12/04/13,12/05/13,12/05/13,58.75,56.75,57.7,4.23 ,22800,49,20
NP 15 EZ Gen DA LMP Peak,12/05/13,12/06/13,12/07/13,53.5,52.9,53.18,(4.52),7200,7,6
NP 15 EZ Gen DA LMP Peak,12/06/13,12/09/13,12/09/13,72.5,63.75,69.65,16.47 ,13200,30,14
NP 15 EZ Gen DA LMP Peak,12/09/13,12/10/13,12/10/13,76.05,66.5,73.07,3.42 ,24800,60,16
NP 15 EZ Gen DA LMP Peak,12/10/13,12/11/13,12/11/13,72,61.25,66.99,(6.08),32800,76,18
NP 15 EZ Gen DA LMP Peak,12/11/13,12/12/13,12/12/13,58.5,58.25,58.38,(8.61),800,2,3
NP 15 EZ Gen DA LMP Peak,12/12/13,12/13/13,12/14/13,54,54,54,(4.38),1600,2,3
NP 15 EZ Gen DA LMP Peak,12/16/13,12/17/13,12/17/13,50.5,49.25,49.47,(4.53),8800,20,6
NP 15 EZ Gen DA LMP Peak,12/17/13,12/18/13,12/18/13,49,48.75,48.84,(0.63),7200,18,5
NP 15 EZ Gen DA LMP Peak,12/18/13,12/19/13,12/19/13,53.5,52,52.81,3.97 ,3200,8,6
NP 15 EZ Gen DA LMP Peak,12/20/13,12/23/13,12/23/13,53,51.8,52.47,(0.34),2800,7,5
NP 15 EZ Gen DA LMP Peak,12/23/13,12/24/13,12/26/13,48.5,48.5,48.5,(3.97),800,1,2
